timestamp,symbol,usd_score,btc_score
2025-12-24 10:45:00+00:00,ADA,-0.7546057011283916,-0.6191453109310858
2025-12-24 10:45:00+00:00,AVAX,-0.0163755766678507,0.0454057174981871
2025-12-24 10:45:00+00:00,BCH,0.7765632053362509,0.6972338844187453
2025-12-24 10:45:00+00:00,BNB,-0.2917071198214255,-0.2401012816316516
2025-12-24 10:45:00+00:00,BTC,0.6253545973130232,0.5423719241400976
2025-12-24 10:45:00+00:00,DOGE,-0.5226502520686046,-0.393520396250759
2025-12-24 10:45:00+00:00,ETH,0.0759157711730882,0.1020565515444784
2025-12-24 10:45:00+00:00,FIGR_HELOC,0.44094641053335,0.4320212747701062
2025-12-24 10:45:00+00:00,HBAR,-1.0074429345002371,-0.9882673666827172
2025-12-24 10:45:00+00:00,HYPE,-0.289709466716159,-0.207469978340659
2025-12-24 10:45:00+00:00,LINK,-0.1216582263863632,-0.1732801641686449
2025-12-24 10:45:00+00:00,LTC,0.6445620307220228,0.6634871053515763
2025-12-24 10:45:00+00:00,SOL,-0.4937226843409583,-0.310982151996654
2025-12-24 10:45:00+00:00,SUI,0.0288391643162761,0.1665022406189147
2025-12-24 10:45:00+00:00,SUSDS,0.4057534271713786,0.2189483072116059
2025-12-24 10:45:00+00:00,TRX,0.3431097470939875,0.0841796152215301
2025-12-24 10:45:00+00:00,XLM,-0.1372404129448066,-0.2411883645543528
2025-12-24 10:45:00+00:00,XMR,-1.2295835966622275,-1.5700590847428484
2025-12-24 10:45:00+00:00,XRP,0.1761207162077496,0.356963477037595
2025-12-24 10:45:00+00:00,ZEC,1.2887294733039265,1.3760425734205666
2025-12-24 15:15:00+00:00,ADA,-0.8853018922102697,-0.8728473185032493
2025-12-24 15:15:00+00:00,AVAX,-0.1425124576775719,-0.1972263018339158
2025-12-24 15:15:00+00:00,BCH,-0.2683597938334582,-0.4748056289358167
2025-12-24 15:15:00+00:00,BNB,-0.0597803879750188,-0.0255780712108225
2025-12-24 15:15:00+00:00,BTC,0.0718048885676826,0.0444656530154936
2025-12-24 15:15:00+00:00,DOGE,-0.4183549982217076,-0.4073425336693453
2025-12-24 15:15:00+00:00,ETH,0.0459596635401567,-0.0520283953880391
2025-12-24 15:15:00+00:00,FIGR_HELOC,0.4018417145443738,0.3076261407699158
2025-12-24 15:15:00+00:00,HBAR,-0.0216761745088653,-0.0717236289900992
2025-12-24 15:15:00+00:00,HYPE,-0.0417306373704639,0.1456652521666898
2025-12-24 15:15:00+00:00,LINK,-0.6194689695085555,-0.5695336372794793
2025-12-24 15:15:00+00:00,LTC,-0.7768776383818861,-0.8682149930354391
2025-12-24 15:15:00+00:00,SOL,-0.3090777485105294,-0.3023687400183281
2025-12-24 15:15:00+00:00,SUI,-0.2330576510691169,-0.2765080400810554
2025-12-24 15:15:00+00:00,SUSDS,0.3198645510384811,0.345988813603145
2025-12-24 15:15:00+00:00,TRX,0.1782818458942698,0.101943155229626
2025-12-24 15:15:00+00:00,XLM,-0.2250561362528774,-0.1377486797266861
2025-12-24 15:15:00+00:00,XMR,-0.3113325255884672,-0.1026863231012929
2025-12-24 15:15:00+00:00,XRP,-0.4017457790332255,-0.3554910600782078
2025-12-24 15:15:00+00:00,ZEC,3.637713215506477,3.7095474260163352
2025-12-24 17:00:00+00:00,ADA,-0.3268144263043429,-0.1761934680389182
2025-12-24 17:00:00+00:00,AVAX,-0.0510550010862494,-0.139899458180566
2025-12-24 17:00:00+00:00,BCH,-0.5308505309631892,-0.717858660947493
2025-12-24 17:00:00+00:00,BNB,0.4858733675036991,0.7318751507923984
2025-12-24 17:00:00+00:00,BTC,0.3955816149432104,0.3984780760200684
2025-12-24 17:00:00+00:00,DOGE,-0.0084718410931716,0.0462935658115132
2025-12-24 17:00:00+00:00,ETH,0.7929444608139358,0.8527512963802557
2025-12-24 17:00:00+00:00,FIGR_HELOC,0.18556147368667,0.1185869321381147
2025-12-24 17:00:00+00:00,HBAR,-0.2457649292879398,-0.1864592114589191
2025-12-24 17:00:00+00:00,HYPE,0.8390911875165902,1.1243304401853402
2025-12-24 17:00:00+00:00,LINK,-0.2257364183828819,-0.1777000012712488
2025-12-24 17:00:00+00:00,LTC,-0.5108448095285549,-0.503142696320275
2025-12-24 17:00:00+00:00,SOL,-0.2790329577150565,-0.3257894373607957
2025-12-24 17:00:00+00:00,SUI,0.0494417135573376,0.2330525780144822
2025-12-24 17:00:00+00:00,SUSDS,0.2829962210403867,0.2416856165262365
2025-12-24 17:00:00+00:00,TRX,0.1821343589093106,0.1197894663997272
2025-12-24 17:00:00+00:00,XLM,-1.2292578470506397,-1.344590865391629
2025-12-24 17:00:00+00:00,XMR,-1.1071001576406447,-1.0546853835501502
2025-12-24 17:00:00+00:00,XRP,-0.1406024942695254,-0.1654475136123117
2025-12-24 17:00:00+00:00,ZEC,1.3830371001098087,0.866053658622923
2025-12-25 05:15:00+00:00,ADA,-0.461574176335946,-0.3740436175685507
2025-12-25 05:15:00+00:00,AVAX,0.3619283948755828,0.3769291311509786
2025-12-25 05:15:00+00:00,BCH,0.2423477290693657,0.3386573202650237
2025-12-25 05:15:00+00:00,BNB,-0.4526987689903043,-0.4980109576627104
2025-12-25 05:15:00+00:00,BTC,-0.1301585754498986,-0.1008151707247155
2025-12-25 05:15:00+00:00,DOGE,-0.244814244004308,-0.2954670830656048
2025-12-25 05:15:00+00:00,ETH,-0.0587612398967264,-0.0768366169612186
2025-12-25 05:15:00+00:00,FIGR_HELOC,-0.0323714025492655,0.0468421142874524
2025-12-25 05:15:00+00:00,HBAR,1.437032926793404,1.7221395443485483
2025-12-25 05:15:00+00:00,HYPE,-0.3077095631784608,-0.5408480786014248
2025-12-25 05:15:00+00:00,LINK,-0.2852196484951684,-0.3149711605932322
2025-12-25 05:15:00+00:00,LTC,-0.4513202743632848,-0.4385044695589072
2025-12-25 05:15:00+00:00,SOL,-0.4057714251224899,-0.3869079746024473
2025-12-25 05:15:00+00:00,SUI,-0.1263204313578182,-0.0763398365925469
2025-12-25 05:15:00+00:00,SUSDS,-0.2772744560159443,-0.1591359561061542
2025-12-25 05:15:00+00:00,TRX,-0.4067247132376696,-0.3211234837197613
2025-12-25 05:15:00+00:00,XLM,0.1591631829372658,0.2549576611224221
2025-12-25 05:15:00+00:00,XMR,-0.3481357337238561,-0.5116196099492218
2025-12-25 05:15:00+00:00,XRP,-0.1057025088955855,-0.0261528325327568
2025-12-25 05:15:00+00:00,ZEC,1.8353358618243705,1.322502010948089
2025-12-25 05:45:00+00:00,ADA,-0.2990658966576333,-0.2035857028015127
2025-12-25 05:45:00+00:00,AVAX,0.1154454314235309,0.1030885458012123
2025-12-25 05:45:00+00:00,BCH,0.425007553977803,0.50072926369054
2025-12-25 05:45:00+00:00,BNB,-0.1614702933713975,-0.0903970920044802
2025-12-25 05:45:00+00:00,BTC,0.0990958513750773,0.1821081878978026
2025-12-25 05:45:00+00:00,DOGE,0.0608871337177513,0.0485021529770322
2025-12-25 05:45:00+00:00,ETH,0.1359424256727815,0.1779981813303337
2025-12-25 05:45:00+00:00,FIGR_HELOC,0.0407478092892006,0.1316347869319198
2025-12-25 05:45:00+00:00,HBAR,0.7132099482554498,0.766641434761177
2025-12-25 05:45:00+00:00,HYPE,-1.170699752820893,-1.559120574481921
2025-12-25 05:45:00+00:00,LINK,-0.0618628875473563,-0.08430619818464
2025-12-25 05:45:00+00:00,LTC,0.1539815865934141,0.310582439686933
2025-12-25 05:45:00+00:00,SOL,-0.4520388593521303,-0.4049258357659263
2025-12-25 05:45:00+00:00,SUI,-0.407861097159148,-0.409064972299511
2025-12-25 05:45:00+00:00,SUSDS,-0.2939086710009726,-0.1754990951045993
2025-12-25 05:45:00+00:00,TRX,-0.3065209196147971,-0.1509014160065942
2025-12-25 05:45:00+00:00,XLM,-0.481981080200239,-0.511692363424555
2025-12-25 05:45:00+00:00,XMR,-0.161750129002154,-0.2949988919910783
2025-12-25 05:45:00+00:00,XRP,-0.0505989333306677,-0.0076062470000978
2025-12-25 05:45:00+00:00,ZEC,2.0445972790597087,1.6119698952952954
2025-12-25 12:15:00+00:00,ADA,-0.996628377344054,-0.9532198271943833
2025-12-25 12:15:00+00:00,AVAX,-0.3665978607529737,-0.5550152735698546
2025-12-25 12:15:00+00:00,BCH,1.2527006212582912,1.2078489277250233
2025-12-25 12:15:00+00:00,BNB,-0.5947625656964417,-0.6810037696506087
2025-12-25 12:15:00+00:00,BTC,-0.1989731359752265,-0.0797361580233264
2025-12-25 12:15:00+00:00,DOGE,-0.4116051471426422,-0.3995562902033455
2025-12-25 12:15:00+00:00,ETH,-0.1632435918523623,-0.2298338186995995
2025-12-25 12:15:00+00:00,FIGR_HELOC,-0.3164693777148746,-0.1142328555438353
2025-12-25 12:15:00+00:00,HBAR,0.780497987823106,0.8913390379808706
2025-12-25 12:15:00+00:00,HYPE,0.6366358034961037,0.5552463590826552
2025-12-25 12:15:00+00:00,LINK,-0.1783105376622018,-0.14784953063905
2025-12-25 12:15:00+00:00,LTC,-0.3569020082256748,-0.4166592821058496
2025-12-25 12:15:00+00:00,SOL,-0.3878928123758396,-0.3807722632721299
2025-12-25 12:15:00+00:00,SUI,0.6029068671239548,0.9809132610817222
2025-12-25 12:15:00+00:00,SUSDS,-0.1364119412144706,-0.1790621161256751
2025-12-25 12:15:00+00:00,TRX,-0.8216413404213908,-0.7512098776674558
2025-12-25 12:15:00+00:00,XLM,0.2608016254199131,0.3855610311756357
2025-12-25 12:15:00+00:00,XMR,0.6710921444358752,0.7159785017010702
2025-12-25 12:15:00+00:00,XRP,-0.8200070511442172,-0.9376474857380108
2025-12-25 12:15:00+00:00,ZEC,1.4860231364132783,1.0301238681342988
2025-12-25 14:00:00+00:00,ADA,-1.0485345119992744,-1.0637658749747123
2025-12-25 14:00:00+00:00,AVAX,0.6675788912726344,0.6491403301343673
2025-12-25 14:00:00+00:00,BCH,1.993890002945069,1.9653870095788808
2025-12-25 14:00:00+00:00,BNB,-0.5178214139826445,-0.6052520732601103
2025-12-25 14:00:00+00:00,BTC,0.1826169232860379,0.2933132021793556
2025-12-25 14:00:00+00:00,DOGE,-0.6289942797818366,-0.4490717404204351
2025-12-25 14:00:00+00:00,ETH,0.5440647045900066,0.6910395258832364
2025-12-25 14:00:00+00:00,FIGR_HELOC,-0.2118471088341378,0.2957176961125037
2025-12-25 14:00:00+00:00,HBAR,0.0523143075974649,-0.054905234309641
2025-12-25 14:00:00+00:00,HYPE,0.6149594839944763,0.4539224086228497
2025-12-25 14:00:00+00:00,LINK,0.1275419547079171,0.1855400027661369
2025-12-25 14:00:00+00:00,LTC,-0.1824096019043097,-0.1321869614263767
2025-12-25 14:00:00+00:00,SOL,0.0411883149383397,0.1359031431814342
2025-12-25 14:00:00+00:00,SUI,-0.6712340591330754,-0.7340928734986573
2025-12-25 14:00:00+00:00,SUSDS,-0.4140345775410639,-0.449112948223631
2025-12-25 14:00:00+00:00,TRX,-0.5359185613110605,-0.4856513144645101
2025-12-25 14:00:00+00:00,XLM,-0.3516065308172349,-0.3119721916436153
2025-12-25 14:00:00+00:00,XMR,-0.1902945042894937,-0.6031920427719454
2025-12-25 14:00:00+00:00,XRP,-0.457039565346181,-0.4627896829741909
2025-12-25 14:00:00+00:00,ZEC,0.9267498267822152,0.6231993146829073
2025-12-25 20:00:00+00:00,ADA,0.2608356661089352,0.4632634291491837
2025-12-25 20:00:00+00:00,AVAX,1.0701616698679692,0.8692575657707359
2025-12-25 20:00:00+00:00,BCH,0.1927321146670287,-0.1807188560238414
2025-12-25 20:00:00+00:00,BNB,-0.5297248276586434,-0.4621304537587957
2025-12-25 20:00:00+00:00,BTC,-0.1109121601305717,-0.0424814894419874
2025-12-25 20:00:00+00:00,DOGE,-0.7680834550671125,-0.7249864294446691
2025-12-25 20:00:00+00:00,ETH,0.2573876662014726,0.2777151878375512
2025-12-25 20:00:00+00:00,FIGR_HELOC,-0.0874420498254997,-0.0731052947717059
2025-12-25 20:00:00+00:00,HBAR,0.9255910465628098,0.9714519964009086
2025-12-25 20:00:00+00:00,HYPE,-0.3740291161853716,-0.6313464668231774
2025-12-25 20:00:00+00:00,LINK,0.2710448139686577,0.3973399357547982
2025-12-25 20:00:00+00:00,LTC,0.7340688679994386,0.6968723358680627
2025-12-25 20:00:00+00:00,SOL,-0.9012666078138836,-0.9708336757385136
2025-12-25 20:00:00+00:00,SUI,-0.093731411265036,-0.0531295714693174
2025-12-25 20:00:00+00:00,SUSDS,-0.292563505886225,-0.2142686451791518
2025-12-25 20:00:00+00:00,TRX,-0.4290015656216395,-0.1919474139898291
2025-12-25 20:00:00+00:00,XLM,-0.1468622157127314,-0.1084059827548539
2025-12-25 20:00:00+00:00,XMR,0.6702020058002861,0.7013897220053813
2025-12-25 20:00:00+00:00,XRP,-0.300639568106465,-0.2137315806113265
2025-12-25 20:00:00+00:00,ZEC,-0.4064531123831416,-0.5688900572591761
2025-12-25 20:30:00+00:00,ADA,-0.2705317219794013,-0.1875465988928149
2025-12-25 20:30:00+00:00,AVAX,1.0285094725698132,0.698285696290689
2025-12-25 20:30:00+00:00,BCH,0.259355565779885,-0.1223700626401703
2025-12-25 20:30:00+00:00,BNB,-0.3865906347992107,-0.338213436975589
2025-12-25 20:30:00+00:00,BTC,-0.4513482322092585,-0.4809602048721315
2025-12-25 20:30:00+00:00,DOGE,-0.3749900745921519,-0.2753809561114655
2025-12-25 20:30:00+00:00,ETH,-0.0391878772565176,-0.1159142894625823
2025-12-25 20:30:00+00:00,FIGR_HELOC,0.1537940276348375,0.236154476190658
2025-12-25 20:30:00+00:00,HBAR,0.978239737880712,0.9868556311712492
2025-12-25 20:30:00+00:00,HYPE,-0.2651638898678024,-0.5320887088337435
2025-12-25 20:30:00+00:00,LINK,0.1734318241452133,0.2271727330651884
2025-12-25 20:30:00+00:00,LTC,0.4702669537700536,0.362256753848069
2025-12-25 20:30:00+00:00,SOL,-0.7407394599739254,-0.7320215623500204
2025-12-25 20:30:00+00:00,SUI,-0.1981425150974623,-0.296636764794566
2025-12-25 20:30:00+00:00,SUSDS,-0.3182712317429291,-0.2130113192241106
2025-12-25 20:30:00+00:00,TRX,-0.3223409285125359,-0.0702584639458155
2025-12-25 20:30:00+00:00,XLM,-0.0953126315634325,-0.1338809296606475
2025-12-25 20:30:00+00:00,XMR,1.1756257474977525,1.416954205027124
2025-12-25 20:30:00+00:00,XRP,-0.4426830629794354,-0.4219667948788235
2025-12-25 20:30:00+00:00,ZEC,-0.3926099317464094,-0.0661182659927005
2025-12-25 23:30:00+00:00,ADA,-1.8126819708254984,-1.9031842797379803
2025-12-25 23:30:00+00:00,AVAX,0.7046312636937929,0.5831896608986088
2025-12-25 23:30:00+00:00,BCH,2.0378530044093206,2.0488523386404416
2025-12-25 23:30:00+00:00,BNB,-0.1192333114816233,-0.0268185115885273
2025-12-25 23:30:00+00:00,BTC,0.2445821525052337,0.2778598888787762
2025-12-25 23:30:00+00:00,DOGE,-1.257477279517864,-1.2893014176015238
2025-12-25 23:30:00+00:00,ETH,0.0297594551505183,0.048468463507506
2025-12-25 23:30:00+00:00,FIGR_HELOC,0.5451384243988441,0.6196861846383012
2025-12-25 23:30:00+00:00,HBAR,-0.1514508752552529,-0.3209865373805208
2025-12-25 23:30:00+00:00,HYPE,-0.3806879029607369,-0.3996836208787984
2025-12-25 23:30:00+00:00,LINK,-0.2807891479577646,-0.2687945190530346
2025-12-25 23:30:00+00:00,LTC,0.0651911426784459,0.03230986446888
2025-12-25 23:30:00+00:00,SOL,-0.2681231213706214,-0.2634402831853432
2025-12-25 23:30:00+00:00,SUI,-1.2563945433771624,-1.2762534162003332
2025-12-25 23:30:00+00:00,SUSDS,0.5897416411110287,0.740403849989047
2025-12-25 23:30:00+00:00,TRX,0.1163757312839797,0.2421240740504764
2025-12-25 23:30:00+00:00,XLM,-0.4155726973745779,-0.4294560540352475
2025-12-25 23:30:00+00:00,XMR,1.1507958026565,1.1361584555076694
2025-12-25 23:30:00+00:00,XRP,-0.259106943809525,-0.2344400948730058
2025-12-25 23:30:00+00:00,ZEC,0.6588266855620296,0.6246834634736746
2025-12-26 08:15:00+00:00,ADA,-1.427267800115562,-1.3386391935802988
2025-12-26 08:15:00+00:00,AVAX,0.6236281299319699,0.6073341706562786
2025-12-26 08:15:00+00:00,BCH,-0.0637924813144874,-0.331261292874818
2025-12-26 08:15:00+00:00,BNB,-0.2259041850597879,-0.1006325334420248
2025-12-26 08:15:00+00:00,BTC,0.1284941626396676,0.0511141829559885
2025-12-26 08:15:00+00:00,DOGE,-0.6984489352405037,-0.3536301837980934
2025-12-26 08:15:00+00:00,ETH,0.1614508118161775,0.158661045945831
2025-12-26 08:15:00+00:00,FIGR_HELOC,0.8229463545757982,-0.1724731142643999
2025-12-26 08:15:00+00:00,HBAR,0.8168399575486672,0.8435471301790826
2025-12-26 08:15:00+00:00,HYPE,0.0972515881630249,-0.2030153875573807
2025-12-26 08:15:00+00:00,LINK,0.1900745937725034,0.3007263061305842
2025-12-26 08:15:00+00:00,LTC,-0.0627741160706239,-0.0429366784047735
2025-12-26 08:15:00+00:00,SOL,-0.0196473763872785,0.0771650583658459
2025-12-26 08:15:00+00:00,SUI,-0.5245520306929671,-0.3287265081067311
2025-12-26 08:15:00+00:00,SUSDS,0.5229206499138997,0.7741276096206964
2025-12-26 08:15:00+00:00,TRX,0.3425208321413535,0.6744516738339926
2025-12-26 08:15:00+00:00,XLM,-1.0491499559259037,-1.024534969566297
2025-12-26 08:15:00+00:00,XMR,0.571811917779022,0.8034382713699559
2025-12-26 08:15:00+00:00,XRP,-0.6484001742061466,-0.6860829973497865
2025-12-26 08:15:00+00:00,ZEC,0.3832016068114396,0.2325709599666117
2025-12-26 11:30:00+00:00,ADA,-0.2871671991298516,-0.1289515212470719
2025-12-26 11:30:00+00:00,AVAX,0.4503265407469346,0.2271086331588595
2025-12-26 11:30:00+00:00,BCH,1.4084055251657073,1.355736491465721
2025-12-26 11:30:00+00:00,BNB,-0.6753453074915277,-0.5918826513538518
2025-12-26 11:30:00+00:00,BTC,-0.1850792272289115,-0.1734971927357156
2025-12-26 11:30:00+00:00,DOGE,-0.95367187887481,-0.8065891755050179
2025-12-26 11:30:00+00:00,ETH,-0.0996975099077314,-0.2423117489688348
2025-12-26 11:30:00+00:00,FIGR_HELOC,-0.0454381521020268,-0.2329989101326393
2025-12-26 11:30:00+00:00,HBAR,2.890421343285976,3.0106765696038416
2025-12-26 11:30:00+00:00,HYPE,-0.1731581984206254,-0.5155521066800774
2025-12-26 11:30:00+00:00,LINK,0.0952075205995294,0.0065475140077965
2025-12-26 11:30:00+00:00,LTC,0.2602308432951623,0.1910267154654677
2025-12-26 11:30:00+00:00,SOL,-0.1866008488383191,-0.1166407212154036
2025-12-26 11:30:00+00:00,SUI,-0.7527701498076158,-0.7290331199475277
2025-12-26 11:30:00+00:00,SUSDS,-0.7161099276665068,-0.7676434581680964
2025-12-26 11:30:00+00:00,TRX,-0.5757320705146128,-0.4272396206567037
2025-12-26 11:30:00+00:00,XLM,-0.0124569419126013,0.1099911680960537
2025-12-26 11:30:00+00:00,XMR,-0.4740446717159818,-0.2393246409628534
2025-12-26 11:30:00+00:00,XRP,-0.3185401814531943,-0.2141272361480243
2025-12-26 11:30:00+00:00,ZEC,0.2924589980985266,0.2259435180515978
2025-12-26 16:00:00+00:00,ADA,-1.4106064180306628,-1.3929952107149568
2025-12-26 16:00:00+00:00,AVAX,-0.1479496833400986,-0.1674519228796588
2025-12-26 16:00:00+00:00,BCH,0.9828401257526856,0.9731125822721955
2025-12-26 16:00:00+00:00,BNB,0.0178119080497593,0.235090177236175
2025-12-26 16:00:00+00:00,BTC,-0.0144680310290179,-0.2422661373434095
2025-12-26 16:00:00+00:00,DOGE,-1.5603483996556498,-1.622821669810321
2025-12-26 16:00:00+00:00,ETH,0.0979701807535402,0.0745274098637591
2025-12-26 16:00:00+00:00,FIGR_HELOC,0.3762841079102248,-0.3009051507183551
2025-12-26 16:00:00+00:00,HBAR,-0.193542840893599,-0.2598616828797767
2025-12-26 16:00:00+00:00,HYPE,1.3790450107851773,1.2445841623830778
2025-12-26 16:00:00+00:00,LINK,0.0122867242196863,0.2416452923225248
2025-12-26 16:00:00+00:00,LTC,0.7004529014609618,0.967370964840923
2025-12-26 16:00:00+00:00,SOL,-0.2492248518203937,-0.0500833517405842
2025-12-26 16:00:00+00:00,SUI,-0.0181875743687944,0.1262096214116119
2025-12-26 16:00:00+00:00,SUSDS,-0.5683098504148358,-0.6946268110548569
2025-12-26 16:00:00+00:00,TRX,0.0514376121143876,-0.0512940263922721
2025-12-26 16:00:00+00:00,XLM,-0.5652413825037966,-0.5040695820287677
2025-12-26 16:00:00+00:00,XMR,1.2495546154488204,1.5244242615011865
2025-12-26 16:00:00+00:00,XRP,-0.3228418486646939,-0.1727229879714698
2025-12-26 16:00:00+00:00,ZEC,0.1241865768765984,0.0132829443532743
2025-12-26 18:45:00+00:00,ADA,-0.6584117633802438,-0.4518046234490048
2025-12-26 18:45:00+00:00,AVAX,0.2513057372646313,0.2777463914906818
2025-12-26 18:45:00+00:00,BCH,0.3938663098155722,0.3283479350040135
2025-12-26 18:45:00+00:00,BNB,0.235601532839146,0.3128474120635625
2025-12-26 18:45:00+00:00,BTC,-0.2756299223802997,-0.3355098865941327
2025-12-26 18:45:00+00:00,DOGE,-1.5664549742102531,-1.2960606556013423
2025-12-26 18:45:00+00:00,ETH,-0.2272697340728113,-0.235818013210506
2025-12-26 18:45:00+00:00,FIGR_HELOC,-0.7395058855551322,-1.0557621285396936
2025-12-26 18:45:00+00:00,HBAR,0.0317076704217217,-0.0297558791708062
2025-12-26 18:45:00+00:00,HYPE,0.4242660165848469,0.3532724198631038
2025-12-26 18:45:00+00:00,LINK,-0.8420974555059014,-0.951692160320283
2025-12-26 18:45:00+00:00,LTC,0.5005215005169489,0.4989322707517092
2025-12-26 18:45:00+00:00,SOL,-0.2992814278839557,-0.2419455132542086
2025-12-26 18:45:00+00:00,SUI,-0.1971474857064463,-0.0089858394646538
2025-12-26 18:45:00+00:00,SUSDS,1.138225305967125,1.2480469459061356
2025-12-26 18:45:00+00:00,TRX,0.2438062804037752,0.082365108049767
2025-12-26 18:45:00+00:00,XLM,0.577647698640343,0.6524051964573097
2025-12-26 18:45:00+00:00,XMR,1.4651689745486307,1.4593251882209386
2025-12-26 18:45:00+00:00,XRP,-0.3001295025641984,-0.241989106829713
2025-12-26 18:45:00+00:00,ZEC,-0.2150770245423166,-0.4228532101716959
2025-12-27 14:45:00+00:00,ADA,-0.4821252702732291,-0.4990785000414507
2025-12-27 14:45:00+00:00,AVAX,0.3031888663180777,0.3133208741362859
2025-12-27 14:45:00+00:00,BCH,0.9862318570360582,1.1210354381356116
2025-12-27 14:45:00+00:00,BNB,-0.5831819368353595,-0.6663498196116433
2025-12-27 14:45:00+00:00,BTC,-0.3733150721271295,-0.3927887053490797
2025-12-27 14:45:00+00:00,DOGE,-0.893695852243706,-0.7881412338532027
2025-12-27 14:45:00+00:00,ETH,-0.5642896819511342,-0.5664484050237389
2025-12-27 14:45:00+00:00,FIGR_HELOC,-0.628704351911676,-0.5885817142227349
2025-12-27 14:45:00+00:00,HBAR,-0.4312771327449658,-0.4421224383932437
2025-12-27 14:45:00+00:00,HYPE,1.1164571866240918,1.2225433372962748
2025-12-27 14:45:00+00:00,LINK,-0.3906116843803156,-0.3304717512160894
2025-12-27 14:45:00+00:00,LTC,0.5698431658342218,0.5995819166827515
2025-12-27 14:45:00+00:00,SOL,-0.4170865400423617,-0.4374343310974204
2025-12-27 14:45:00+00:00,SUI,0.1819044620491628,0.3099584802347501
2025-12-27 14:45:00+00:00,SUSDS,-0.4513772331866926,-0.4689723940424805
2025-12-27 14:45:00+00:00,TRX,-0.6735006879702482,-0.8441698079582404
2025-12-27 14:45:00+00:00,XLM,-0.5664925929584006,-0.6811189377454151
2025-12-27 14:45:00+00:00,XMR,1.3323944747808063,1.4517255122267636
2025-12-27 14:45:00+00:00,XRP,-0.628989367575975,-0.6261694345302738
2025-12-27 14:45:00+00:00,ZEC,2.5355488918890283,2.2546034147028293
2025-12-27 19:30:00+00:00,ADA,0.1336986684651491,0.2778151331139295
2025-12-27 19:30:00+00:00,AVAX,0.1040884414782491,0.1035108001808208
2025-12-27 19:30:00+00:00,BCH,-1.2326866741201967,-1.6337506125826338
2025-12-27 19:30:00+00:00,BNB,-0.084564709584322,-0.0271576541589892
2025-12-27 19:30:00+00:00,BTC,-0.0986082647100589,-0.0279693501733758
2025-12-27 19:30:00+00:00,DOGE,-0.584569906161308,-0.5132771242904691
2025-12-27 19:30:00+00:00,ETH,-0.1737363892352827,-0.1084152810650947
2025-12-27 19:30:00+00:00,FIGR_HELOC,-0.2756145461156155,-0.2156873249382855
2025-12-27 19:30:00+00:00,HBAR,0.3166049929733593,0.3894686307186801
2025-12-27 19:30:00+00:00,HYPE,0.4519501728394019,0.4988411205272898
2025-12-27 19:30:00+00:00,LINK,0.0676937761138466,0.1679233980806006
2025-12-27 19:30:00+00:00,LTC,-0.3367875944335343,-0.5009787603742325
2025-12-27 19:30:00+00:00,SOL,0.0493626522278268,0.1521747964950533
2025-12-27 19:30:00+00:00,SUI,-0.5990859758816107,-0.6978815398150573
2025-12-27 19:30:00+00:00,SUSDS,-0.0300094482563834,0.0251952502642186
2025-12-27 19:30:00+00:00,TRX,-0.1436488967021499,-0.1684388966143205
2025-12-27 19:30:00+00:00,XLM,-0.2937734644474763,-0.2603539957130384
2025-12-27 19:30:00+00:00,XMR,0.4187687619480129,0.4839582488043496
2025-12-27 19:30:00+00:00,XRP,-0.3321970348006647,-0.2467666062364065
2025-12-27 19:30:00+00:00,ZEC,2.584402750120109,2.2430770794943147
2025-12-27 21:45:00+00:00,ADA,0.165456291787899,0.2387676965983713
2025-12-27 21:45:00+00:00,AVAX,0.1295595960800943,0.1258465311147165
2025-12-27 21:45:00+00:00,BCH,-0.2028574892736467,-0.3990369988264527
2025-12-27 21:45:00+00:00,BNB,-0.4477793381225129,-0.4434688628652821
2025-12-27 21:45:00+00:00,BTC,-0.6100813633288222,-0.6541688042970759
2025-12-27 21:45:00+00:00,DOGE,-0.5293972545142281,-0.4321771565149894
2025-12-27 21:45:00+00:00,ETH,-0.7283151218016612,-0.7746252487244613
2025-12-27 21:45:00+00:00,FIGR_HELOC,-0.8731674350650811,-0.9362468887219156
2025-12-27 21:45:00+00:00,HBAR,0.2938419568450405,0.306494907538699
2025-12-27 21:45:00+00:00,HYPE,1.3419121080130902,1.6077055081492546
2025-12-27 21:45:00+00:00,LINK,-0.0590808163686624,0.0195787203891414
2025-12-27 21:45:00+00:00,LTC,0.3899315379669286,0.385481999951861
2025-12-27 21:45:00+00:00,SOL,5.445121370114842e-05,0.0785229130117327
2025-12-27 21:45:00+00:00,SUI,0.0306554344223025,0.111389585964476
2025-12-27 21:45:00+00:00,SUSDS,-0.7541013308944818,-0.8330860504491111
2025-12-27 21:45:00+00:00,TRX,-0.3880054673716679,-0.4686537117413967
2025-12-27 21:45:00+00:00,XLM,0.159967526355669,0.21296163690083
2025-12-27 21:45:00+00:00,XMR,-0.2975457021270125,-0.3167075840629765
2025-12-27 21:45:00+00:00,XRP,-0.5643396895247019,-0.5416238148431056
2025-12-27 21:45:00+00:00,ZEC,2.8848417108776343,2.654595226597565
2025-12-28 04:15:00+00:00,ADA,0.606243137062939,0.6288533821763618
2025-12-28 04:15:00+00:00,AVAX,0.1616302723395476,0.0552326882626549
2025-12-28 04:15:00+00:00,BCH,-0.4260661534554722,-0.5340533431165688
2025-12-28 04:15:00+00:00,BNB,-0.176276408725973,-0.0945311004416041
2025-12-28 04:15:00+00:00,BTC,-0.5326353810741546,-0.5122077420038222
2025-12-28 04:15:00+00:00,DOGE,-0.6305298830918281,-0.5566726104969189
2025-12-28 04:15:00+00:00,ETH,-0.5008162061538978,-0.4595649288057418
2025-12-28 04:15:00+00:00,FIGR_HELOC,-0.7489485001469194,-0.6992692070235059
2025-12-28 04:15:00+00:00,HBAR,0.2363092062930199,0.2015943711119678
2025-12-28 04:15:00+00:00,HYPE,1.175327953736087,1.357456292335897
2025-12-28 04:15:00+00:00,LINK,0.3110989065103207,0.4240516730800767
2025-12-28 04:15:00+00:00,LTC,-0.2667201060816305,-0.3857673403445063
2025-12-28 04:15:00+00:00,SOL,-0.3887686398911515,-0.3241474430573442
2025-12-28 04:15:00+00:00,SUI,0.3619568847085757,0.4040260037768644
2025-12-28 04:15:00+00:00,TRX,-0.4152911881202471,-0.4221708635119157
2025-12-28 04:15:00+00:00,UNI,0.3962027151467757,0.644512774296187
2025-12-28 04:15:00+00:00,XLM,0.3564617488596158,0.3184826520193595
2025-12-28 04:15:00+00:00,XMR,-1.0680288683341836,-1.2588879222271994
2025-12-28 04:15:00+00:00,XRP,-0.2857390093513591,-0.2116737022353738
2025-12-28 04:15:00+00:00,ZEC,1.7761460669483549,1.3662929133835509
2025-12-28 06:45:00+00:00,ADA,1.0553743139843044,1.1110311204098584
2025-12-28 06:45:00+00:00,AVAX,0.2227099270757516,0.1670370465340344
2025-12-28 06:45:00+00:00,BCH,-0.1792639283038556,-0.2366601883955639
2025-12-28 06:45:00+00:00,BNB,-0.5669545290012018,-0.5838609156266134
2025-12-28 06:45:00+00:00,BTC,-0.5082814841775383,-0.4598641212927232
2025-12-28 06:45:00+00:00,DOGE,-0.5231501506669157,-0.4154601449103269
2025-12-28 06:45:00+00:00,ETH,-0.4702902294701622,-0.4353603259852818
2025-12-28 06:45:00+00:00,FIGR_HELOC,-0.6958953781078252,-0.5932719801357824
2025-12-28 06:45:00+00:00,HBAR,0.2153250518093306,0.1163601628871852
2025-12-28 06:45:00+00:00,HYPE,-0.5319646580744308,-0.6483149152251819
2025-12-28 06:45:00+00:00,LINK,-0.298097374464186,-0.3284066880287326
2025-12-28 06:45:00+00:00,LTC,0.2128452082944587,0.2178184077093025
2025-12-28 06:45:00+00:00,SOL,-0.4118441995777999,-0.3468094367519432
2025-12-28 06:45:00+00:00,SUI,0.2339877300959103,0.2456081961870391
2025-12-28 06:45:00+00:00,TRX,-0.4320710575402945,-0.4676337311723029
2025-12-28 06:45:00+00:00,UNI,1.904751325778472,2.221321911755872
2025-12-28 06:45:00+00:00,XLM,0.446816298374549,0.4049052170205775
2025-12-28 06:45:00+00:00,XMR,-1.2943811740410558,-1.3369727015254176
2025-12-28 06:45:00+00:00,XRP,-0.3617264947960406,-0.3407911620225953
2025-12-28 06:45:00+00:00,ZEC,1.9236671975621984,1.6508806433222647
2025-12-28 11:00:00+00:00,ADA,0.2636866450993438,0.1952957588227805
2025-12-28 11:00:00+00:00,AVAX,-0.2340408047776859,-0.3555616764592511
2025-12-28 11:00:00+00:00,BCH,0.0472098754552903,0.060205084467509
2025-12-28 11:00:00+00:00,BNB,0.475842688533909,0.5587875992005504
2025-12-28 11:00:00+00:00,BTC,-0.3764958490918437,-0.5033395738352431
2025-12-28 11:00:00+00:00,DOGE,-0.7561118525141748,-0.6930704585558849
2025-12-28 11:00:00+00:00,ETH,-0.2897815898989824,-0.2661971916860232
2025-12-28 11:00:00+00:00,FIGR_HELOC,-0.6689929311458993,-0.6621580188657085
2025-12-28 11:00:00+00:00,HBAR,1.2709927423962335,1.3593062989400713
2025-12-28 11:00:00+00:00,HYPE,-0.4860640762554625,-0.4795093166385024
2025-12-28 11:00:00+00:00,LINK,0.5955476261928073,0.8854203018427133
2025-12-28 11:00:00+00:00,LTC,-0.1931740605905541,-0.2667302272513907
2025-12-28 11:00:00+00:00,SOL,0.3639686250743846,0.4213470555223265
2025-12-28 11:00:00+00:00,SUI,0.1706472586548106,-0.0166575682803088
2025-12-28 11:00:00+00:00,TRX,-0.357605376881589,-0.4678251155105987
2025-12-28 11:00:00+00:00,UNI,0.7206180700192547,0.6914802376621844
2025-12-28 11:00:00+00:00,XLM,0.7502943584669964,0.8228323220083059
2025-12-28 11:00:00+00:00,XMR,-1.973587869585353,-2.051620922349249
2025-12-28 11:00:00+00:00,XRP,0.0535181765763658,0.2916506545033151
2025-12-28 11:00:00+00:00,ZEC,0.5650542987892673,0.4178707109795232
2025-12-28 14:00:00+00:00,ADA,0.1955016097521819,0.1649881717236289
2025-12-28 14:00:00+00:00,AVAX,0.029142602523906,-0.0064841512772849
2025-12-28 14:00:00+00:00,BCH,-0.0900125306904669,-0.1417432094815411
2025-12-28 14:00:00+00:00,BNB,-0.1108653864373666,-0.1156747971425928
2025-12-28 14:00:00+00:00,BTC,-0.3270856192803094,-0.2939836985201753
2025-12-28 14:00:00+00:00,CC,3.601418553746404,3.756544970744166
2025-12-28 14:00:00+00:00,DOGE,-0.3305320253327027,-0.3046222662134897
2025-12-28 14:00:00+00:00,ETH,-0.3783144128729425,-0.3471557993179287
2025-12-28 14:00:00+00:00,FIGR_HELOC,-0.6006807943589391,-0.4207336322263386
2025-12-28 14:00:00+00:00,HBAR,0.1032860154922621,-0.0189822998489183
2025-12-28 14:00:00+00:00,HYPE,-0.2265332212956955,-0.2688079794592865
2025-12-28 14:00:00+00:00,LINK,-0.4396849139559027,-0.486702051183416
2025-12-28 14:00:00+00:00,LTC,-0.2482056670227171,-0.2471494143070195
2025-12-28 14:00:00+00:00,SOL,-0.1687694195106618,-0.1943421924416138
2025-12-28 14:00:00+00:00,SUI,-0.0247704879529195,-0.023895338917198
2025-12-28 14:00:00+00:00,TRX,-0.4796236330102733,-0.5063110487672522
2025-12-28 14:00:00+00:00,XLM,0.0240138228417518,-0.0534525009954086
2025-12-28 14:00:00+00:00,XMR,-0.8752444811502041,-0.7464924704572652
2025-12-28 14:00:00+00:00,XRP,-0.3432713205844873,-0.3110225583177249
2025-12-28 14:00:00+00:00,ZEC,0.6317982874447156,0.5075892447522936
2025-12-28 15:45:00+00:00,ADA,-0.0432556047013244,-0.110181181992255
2025-12-28 15:45:00+00:00,AVAX,-0.0759050214400036,-0.1048620180091849
2025-12-28 15:45:00+00:00,BCH,0.5744549510142029,0.6573853193278657
2025-12-28 15:45:00+00:00,BNB,0.0198388975056239,0.0611419801115987
2025-12-28 15:45:00+00:00,BTC,-0.3235585605705589,-0.282257106332803
2025-12-28 15:45:00+00:00,CC,3.2632157410730103,3.298309572805149
2025-12-28 15:45:00+00:00,DOGE,-0.4770099923550489,-0.4235026199512856
2025-12-28 15:45:00+00:00,ETH,-0.2301541763433975,-0.1668566583017637
2025-12-28 15:45:00+00:00,FIGR_HELOC,-0.4443195731713308,-0.4077757385522907
2025-12-28 15:45:00+00:00,HBAR,0.0408396768117885,-0.0456569547030102
2025-12-28 15:45:00+00:00,HYPE,-1.4683932078459725,-1.650237485915252
2025-12-28 15:45:00+00:00,LINK,-0.1104864548911498,-0.072667123405834
2025-12-28 15:45:00+00:00,LTC,-0.171831969087998,-0.1618314121266454
2025-12-28 15:45:00+00:00,SOL,-0.3050778040672804,-0.2742650417804132
2025-12-28 15:45:00+00:00,SUI,-0.3628479555974591,-0.4180839539318975
2025-12-28 15:45:00+00:00,TRX,-0.2457230737264142,-0.20291045796986
2025-12-28 15:45:00+00:00,XLM,-0.0459638779979502,-0.0927138316850651
2025-12-28 15:45:00+00:00,XMR,-0.4751147302250791,-0.3465817162200716
2025-12-28 15:45:00+00:00,XRP,-0.2656180918540054,-0.2634819430943748
2025-12-28 15:45:00+00:00,ZEC,1.0885462063579228,0.9486637506149692
2025-12-28 16:30:00+00:00,ADA,0.2226051816005376,0.2293472132315667
2025-12-28 16:30:00+00:00,AVAX,-0.2635924212147303,-0.295059294246329
2025-12-28 16:30:00+00:00,BCH,-0.0100263730616183,-0.0589248288940869
2025-12-28 16:30:00+00:00,BNB,0.4153015870428636,0.5064930464753957
2025-12-28 16:30:00+00:00,BTC,-0.3455522085851672,-0.2956932236080219
2025-12-28 16:30:00+00:00,CC,2.7849084911805764,2.6293258846033014
2025-12-28 16:30:00+00:00,DOGE,-0.4316657040119956,-0.3541102640336347
2025-12-28 16:30:00+00:00,ETH,-0.4126050837300055,-0.3863244070386976
2025-12-28 16:30:00+00:00,FIGR_HELOC,-0.3723267087833572,-0.4213409521588759
2025-12-28 16:30:00+00:00,HBAR,0.3579597721736003,0.4004934826838859
2025-12-28 16:30:00+00:00,HYPE,-1.8379966689663,-2.158884027622773
2025-12-28 16:30:00+00:00,LINK,-0.0193126225165453,0.0408977619705432
2025-12-28 16:30:00+00:00,LTC,-0.3724863552803765,-0.3881272243435865
2025-12-28 16:30:00+00:00,SOL,-0.4521181042171807,-0.4482186727469625
2025-12-28 16:30:00+00:00,SUI,0.0034661318151673,0.022892247890997
2025-12-28 16:30:00+00:00,TRX,-0.1076372173105031,-0.0010468219249668
2025-12-28 16:30:00+00:00,XLM,0.312443201450242,0.3447168492382998
2025-12-28 16:30:00+00:00,XMR,-0.0096677349832498,0.1957296447637158
2025-12-28 16:30:00+00:00,XRP,-0.4385395420104357,-0.4157134768390286
2025-12-28 16:30:00+00:00,ZEC,0.9185050836359632,0.795209766826743
2025-12-28 18:15:00+00:00,ADA,-0.1106771969056484,-0.1559678675108717
2025-12-28 18:15:00+00:00,AVAX,0.0503204375349152,0.1138271251656895
2025-12-28 18:15:00+00:00,BCH,-1.155408313330737,-1.4476760879377175
2025-12-28 18:15:00+00:00,BNB,0.2687263963871819,0.3492346654909108
2025-12-28 18:15:00+00:00,BTC,0.0384677076104623,0.1694921057155378
2025-12-28 18:15:00+00:00,CC,2.162697252564513,1.7700356472632324
2025-12-28 18:15:00+00:00,DOGE,-0.2633800290123714,-0.1430135634206744
2025-12-28 18:15:00+00:00,ETH,-0.1630272334682844,-0.0585877580583327
2025-12-28 18:15:00+00:00,FIGR_HELOC,0.2254320850466664,0.0632776793931329
2025-12-28 18:15:00+00:00,HBAR,-0.2178605823149307,-0.258085872249139
2025-12-28 18:15:00+00:00,HYPE,-0.093735722281043,-0.0124848875609137
2025-12-28 18:15:00+00:00,LINK,-0.3256413130820081,-0.3313771531955641
2025-12-28 18:15:00+00:00,LTC,-0.2575240493750588,-0.2419002867765127
2025-12-28 18:15:00+00:00,SOL,-0.1159675672116695,-0.0328036398226171
2025-12-28 18:15:00+00:00,SUI,-0.1712124659439746,-0.1762523464395187
2025-12-28 18:15:00+00:00,TRX,0.2885846293600297,0.5095255651274683
2025-12-28 18:15:00+00:00,XLM,-0.0080031045790162,-0.009313064087322
2025-12-28 18:15:00+00:00,XMR,0.2107188687773738,0.4787917384508482
2025-12-28 18:15:00+00:00,XRP,0.0021891097166336,0.1389797371392332
2025-12-28 18:15:00+00:00,ZEC,-0.4230158965871802,-0.7840187237810153
2025-12-28 22:45:00+00:00,ADA,-0.2257593260339879,-0.2208402504070992
2025-12-28 22:45:00+00:00,AVAX,-0.111737701012581,-0.1277206659673533
2025-12-28 22:45:00+00:00,BCH,-0.1288123167722863,-0.1467453528854836
2025-12-28 22:45:00+00:00,BNB,-0.0890227012620223,-0.1368590664542129
2025-12-28 22:45:00+00:00,BTC,-0.2070928750580241,-0.2099664791755806
2025-12-28 22:45:00+00:00,CC,4.17664636688887,4.20862422347484
2025-12-28 22:45:00+00:00,DOGE,-0.3830025897608933,-0.3584161405180464
2025-12-28 22:45:00+00:00,ETH,-0.155346748536972,-0.1583322633595413
2025-12-28 22:45:00+00:00,FIGR_HELOC,-0.3979635700345565,-0.2743932547025627
2025-12-28 22:45:00+00:00,HBAR,-0.0932048907777158,-0.0878252168838798
2025-12-28 22:45:00+00:00,HYPE,-0.3988176245801577,-0.3879454438134247
2025-12-28 22:45:00+00:00,LINK,-0.1687155269382545,-0.1568019114622776
2025-12-28 22:45:00+00:00,LTC,-0.4291895339670472,-0.4361868103895993
2025-12-28 22:45:00+00:00,SOL,-0.3734263874768093,-0.3871409323019018
2025-12-28 22:45:00+00:00,SUI,-0.2025008922923437,-0.209987088388844
2025-12-28 22:45:00+00:00,TRX,-0.3435132389316944,-0.3528843633234058
2025-12-28 22:45:00+00:00,XLM,-0.2597848550713142,-0.2762122396222529
2025-12-28 22:45:00+00:00,XMR,-0.4399155498632552,-0.432628949667933
2025-12-28 22:45:00+00:00,XRP,-0.3342214526005598,-0.32302906711477
2025-12-28 22:45:00+00:00,ZEC,0.507034809386536,0.4169446682682595
2025-12-29 07:45:00+00:00,ADA,-0.1724675441549331,-0.0595652572967452
2025-12-29 07:45:00+00:00,AVAX,-0.0966902583795721,-0.1130352289734058
2025-12-29 07:45:00+00:00,BCH,-0.0928090544323964,-0.0442861751363185
2025-12-29 07:45:00+00:00,BNB,-0.0529593645975845,-0.0703569964495243
2025-12-29 07:45:00+00:00,BTC,0.1040661294917464,0.1194981925654575
2025-12-29 07:45:00+00:00,CC,1.391948829342374,0.7973006171806042
2025-12-29 07:45:00+00:00,DOGE,0.300324186327991,0.3764000725350931
2025-12-29 07:45:00+00:00,ETH,-0.0920535808499732,-0.1062761088403547
2025-12-29 07:45:00+00:00,FIGR_HELOC,-0.0321775811367373,0.0695903777376488
2025-12-29 07:45:00+00:00,HBAR,-0.2152791993627034,-0.2550153657660237
2025-12-29 07:45:00+00:00,HYPE,0.3868464862425095,0.519271163808654
2025-12-29 07:45:00+00:00,LINK,0.148500176251779,0.1690162467584814
2025-12-29 07:45:00+00:00,LTC,-0.6104548436877706,-0.5435431554154875
2025-12-29 07:45:00+00:00,SOL,0.4465808500910775,0.5775329286895668
2025-12-29 07:45:00+00:00,SUI,0.1332156464447414,0.1333737222317552
2025-12-29 07:45:00+00:00,TRX,-0.0708438618341879,0.0654593883398256
2025-12-29 07:45:00+00:00,XLM,-0.3091143574547342,-0.3013566382069736
2025-12-29 07:45:00+00:00,XMR,-0.1218340309931621,0.0570178182782402
2025-12-29 07:45:00+00:00,XRP,-0.1668456058543103,-0.0720924373365458
2025-12-29 07:45:00+00:00,ZEC,-0.9363713785701042,-1.3773515218198986
2025-12-29 08:15:00+00:00,ADA,-0.110679169494103,-0.0615281029479103
2025-12-29 08:15:00+00:00,AVAX,-0.2947287548501409,-0.3281762123339842
2025-12-29 08:15:00+00:00,BCH,-0.6008277351358581,-0.6433847456872686
2025-12-29 08:15:00+00:00,BNB,-0.2667478111871743,-0.3372310090904664
2025-12-29 08:15:00+00:00,BTC,0.1133176213382504,0.0574736296295787
2025-12-29 08:15:00+00:00,CC,1.920136366346123,1.4162124846941777
2025-12-29 08:15:00+00:00,DOGE,-0.0277302791922602,-0.0192324731464251
2025-12-29 08:15:00+00:00,ETH,0.2440695470569498,0.2474038733073517
2025-12-29 08:15:00+00:00,FIGR_HELOC,-0.4100963061053067,0.007523146239083
2025-12-29 08:15:00+00:00,HBAR,-0.0845861204255528,0.006916496027006
2025-12-29 08:15:00+00:00,HYPE,-0.2521655781168614,-0.2584745162089862
2025-12-29 08:15:00+00:00,LINK,0.3637481319334078,0.3919598843253321
2025-12-29 08:15:00+00:00,LTC,-0.1799248306306161,-0.0662684663366692
2025-12-29 08:15:00+00:00,SOL,0.3930225660524689,0.4344925266333608
2025-12-29 08:15:00+00:00,SUI,0.2389444285215528,0.2452047007301741
2025-12-29 08:15:00+00:00,TRX,-0.6333643244662668,-0.6258512893505754
2025-12-29 08:15:00+00:00,XLM,-0.0296751267756113,0.0421978017177415
2025-12-29 08:15:00+00:00,XMR,0.5010698189674128,0.7199365652346528
2025-12-29 08:15:00+00:00,XRP,0.1522476860541204,0.2383613378133205
2025-12-29 08:15:00+00:00,ZEC,-1.094479098373648,-1.5259845997326076
2025-12-29 13:00:00+00:00,ADA,-0.6417066542438365,-0.6822159798911254
2025-12-29 13:00:00+00:00,AVAX,-0.5704088334401738,-0.6595987239932578
2025-12-29 13:00:00+00:00,BCH,-0.4485192660662595,-0.3444882432190649
2025-12-29 13:00:00+00:00,BNB,0.0307741765303108,0.033933534801133
2025-12-29 13:00:00+00:00,BTC,-0.0609961861801752,-0.0022899118720552
2025-12-29 13:00:00+00:00,CC,3.8288401787695823,3.829067972613132
2025-12-29 13:00:00+00:00,DOGE,-0.4930852891349346,-0.5121477540935392
2025-12-29 13:00:00+00:00,ETH,-0.2096880387356151,-0.216830331911201
2025-12-29 13:00:00+00:00,FIGR_HELOC,-0.1651031150849063,-0.0529382068132569
2025-12-29 13:00:00+00:00,HBAR,-0.2246262130276944,-0.2034785124755913
2025-12-29 13:00:00+00:00,HYPE,0.2378964554172025,0.3320445479091752
2025-12-29 13:00:00+00:00,LINK,-0.1864372538698186,-0.2220325266681937
2025-12-29 13:00:00+00:00,LTC,-0.5290390502162075,-0.5126053049506902
2025-12-29 13:00:00+00:00,SOL,-0.3037946068741518,-0.3799714018976697
2025-12-29 13:00:00+00:00,SUI,0.0577599421930969,0.0514442227912654
2025-12-29 13:00:00+00:00,TRX,-0.3626006371637636,-0.3453422420147154
2025-12-29 13:00:00+00:00,XLM,-0.149152199482483,-0.1487571028873885
2025-12-29 13:00:00+00:00,XMR,-0.7373480683763289,-0.8131048986284731
2025-12-29 13:00:00+00:00,XRP,-0.0400042993571513,-0.0808846969277567
2025-12-29 13:00:00+00:00,ZEC,0.9086264236890524,0.8715830254750191
2025-12-29 15:00:00+00:00,ADA,-0.434874290148477,-0.4029735108289887
2025-12-29 15:00:00+00:00,AVAX,0.129977351405404,0.1296843268561636
2025-12-29 15:00:00+00:00,BCH,-1.631711038234432,-1.62087932780981
2025-12-29 15:00:00+00:00,BNB,0.0037449824213571,-0.0574153535697427
2025-12-29 15:00:00+00:00,BTC,-0.1273119864362129,-0.2069207478868326
2025-12-29 15:00:00+00:00,CC,1.0696819844156,0.6377722669789275
2025-12-29 15:00:00+00:00,DOGE,0.0999671665742824,0.2236951405286538
2025-12-29 15:00:00+00:00,ETH,0.2113375137239458,0.3137443815907437
2025-12-29 15:00:00+00:00,FIGR_HELOC,-0.2284580944852416,-0.6194252793760315
2025-12-29 15:00:00+00:00,HBAR,-0.0158043240440586,0.2057694291000572
2025-12-29 15:00:00+00:00,HYPE,0.3582961381734028,0.5943019921080678
2025-12-29 15:00:00+00:00,LINK,0.724422825966448,1.0096898343600056
2025-12-29 15:00:00+00:00,LTC,0.5812929138806342,0.7381245797290337
2025-12-29 15:00:00+00:00,SOL,0.3851198541231264,0.5221630862903195
2025-12-29 15:00:00+00:00,SUI,-0.0816041760111477,-0.0656949356903027
2025-12-29 15:00:00+00:00,TRX,-0.5139055732727807,-0.7004579618267158
2025-12-29 15:00:00+00:00,XLM,-0.3816800696698834,-0.359215974812842
2025-12-29 15:00:00+00:00,XMR,-0.060218876462886,-0.1053834566823079
2025-12-29 15:00:00+00:00,XRP,-0.1327144321114969,-0.2067613877049832
2025-12-29 15:00:00+00:00,ZEC,-0.0141707497404759,-0.0884299812863069
2025-12-29 16:15:00+00:00,ADA,-0.5279645610722675,-0.508193216793841
2025-12-29 16:15:00+00:00,AVAX,0.1656451980529926,0.1822097960873322
2025-12-29 16:15:00+00:00,BCH,-1.150880453700661,-1.0167030230772045
2025-12-29 16:15:00+00:00,BNB,-0.1113139283824157,-0.1669497178009416
2025-12-29 16:15:00+00:00,BTC,0.0600941161222567,0.0024701860419723
2025-12-29 16:15:00+00:00,CC,3.238738516691147,3.347071983003222
2025-12-29 16:15:00+00:00,DOGE,-0.2520950290702721,-0.3236853589943339
2025-12-29 16:15:00+00:00,ETH,-0.0755947471938689,-0.1426542700293005
2025-12-29 16:15:00+00:00,FIGR_HELOC,-0.0846869148145001,-0.2561924137908627
2025-12-29 16:15:00+00:00,HBAR,-0.2055948482737392,-0.0882324484405021
2025-12-29 16:15:00+00:00,HYPE,1.8884545441951228,1.854978371874044
2025-12-29 16:15:00+00:00,LINK,-0.3422345069425573,-0.2786276094775365
2025-12-29 16:15:00+00:00,LTC,-0.3673021085722253,-0.3151993875975979
2025-12-29 16:15:00+00:00,SOL,-0.2714043662766279,-0.3499495115368794
2025-12-29 16:15:00+00:00,SUI,-0.363167167923306,-0.3034104139184038
2025-12-29 16:15:00+00:00,TRX,-0.1492331891877577,-0.2165831904894603
2025-12-29 16:15:00+00:00,XLM,-0.5561023491596713,-0.4890762679016402
2025-12-29 16:15:00+00:00,XMR,-0.7116098514825833,-0.6807936162446825
2025-12-29 16:15:00+00:00,XRP,-0.1821139025560983,-0.2760900268356394
2025-12-29 16:15:00+00:00,ZEC,-0.0603173896957635,-0.0330728033205404
2025-12-30 03:45:00+00:00,ADA,-0.8205202936254653,-0.6979642593179219
2025-12-30 03:45:00+00:00,AVAX,-0.6029294698587803,-0.6053037971394918
2025-12-30 03:45:00+00:00,BCH,0.7457964998667745,0.8789269719033325
2025-12-30 03:45:00+00:00,BNB,0.1010293776624798,0.1096387608111644
2025-12-30 03:45:00+00:00,BTC,-0.1112357681074084,-0.1145183793353487
2025-12-30 03:45:00+00:00,DOGE,0.0179079365125893,0.1717972219745864
2025-12-30 03:45:00+00:00,ETH,0.530883808974872,0.6926346160119731
2025-12-30 03:45:00+00:00,FIGR_HELOC,0.2701821625923947,-0.4342798823046391
2025-12-30 03:45:00+00:00,HBAR,-0.5744989916766645,-0.5642814700513684
2025-12-30 03:45:00+00:00,HYPE,1.464024646102472,1.6976934296520712
2025-12-30 03:45:00+00:00,LINK,0.1463633425975348,0.3119092893268272
2025-12-30 03:45:00+00:00,LTC,0.0576742939784388,0.030157043509765
2025-12-30 03:45:00+00:00,SOL,0.0406360394453387,0.1543524400254308
2025-12-30 03:45:00+00:00,SUI,-0.3377543497276892,-0.2954977762551849
2025-12-30 03:45:00+00:00,TRX,0.0103764440653428,-0.09725311709052
2025-12-30 03:45:00+00:00,USDT0,0.0151614183122841,-0.0884503023924136
2025-12-30 03:45:00+00:00,XLM,-0.698747857298016,-0.6745403575703807
2025-12-30 03:45:00+00:00,XMR,-0.9468546004363176,-0.931031085441931
2025-12-30 03:45:00+00:00,XRP,0.0768586196036296,0.1467529991100955
2025-12-30 03:45:00+00:00,ZEC,0.5567124416048659,0.2503233551626277
2025-12-30 07:30:00+00:00,ADA,-0.950154069868704,-0.8144998778177447
2025-12-30 07:30:00+00:00,AVAX,-0.1081222463296878,-0.0342644155858268
2025-12-30 07:30:00+00:00,BCH,-1.4162564016595889,-1.6831434905057794
2025-12-30 07:30:00+00:00,BNB,0.4044900510497541,0.4714234340808743
2025-12-30 07:30:00+00:00,BTC,0.2473316020471924,0.3911204319776304
2025-12-30 07:30:00+00:00,DOGE,0.0466586239336195,0.1982190956210924
2025-12-30 07:30:00+00:00,ETH,0.2478665082395304,0.347769614110092
2025-12-30 07:30:00+00:00,FIGR_HELOC,0.9320735915966064,0.6194665287823915
2025-12-30 07:30:00+00:00,HBAR,-0.2307675305297978,-0.2998805009535664
2025-12-30 07:30:00+00:00,HYPE,0.1438011910012637,-0.1030067562952619
2025-12-30 07:30:00+00:00,LINK,0.0456017333782794,0.0989429038466184
2025-12-30 07:30:00+00:00,LTC,0.0443228293652009,-0.0447022310189551
2025-12-30 07:30:00+00:00,SOL,0.3323076636113591,0.5245474228981337
2025-12-30 07:30:00+00:00,SUI,-0.6805984617599873,-0.6341026768459633
2025-12-30 07:30:00+00:00,TRX,0.2934155671887452,0.2726480802959471
2025-12-30 07:30:00+00:00,USDT0,0.6223427923976163,0.5717247914964976
2025-12-30 07:30:00+00:00,XLM,-0.1288419847799653,0.0709612204234318
2025-12-30 07:30:00+00:00,XMR,-1.131588235799788,-1.0866175716262616
2025-12-30 07:30:00+00:00,XRP,-0.2323789389935522,-0.2539536633829033
2025-12-30 07:30:00+00:00,ZEC,1.4595965466394911,1.3284484912271408
2025-12-30 17:00:00+00:00,ADA,-0.4233274739742096,-0.3203752103007219
2025-12-30 17:00:00+00:00,AVAX,-0.1773919129676205,-0.2215806340767212
2025-12-30 17:00:00+00:00,BCH,-0.6946495022249706,-0.77897026773139
2025-12-30 17:00:00+00:00,BNB,-0.0169323528602096,0.0972848567798527
2025-12-30 17:00:00+00:00,BTC,0.2471120880187034,0.1606796433678842
2025-12-30 17:00:00+00:00,CC,3.4606587083231948,3.4499518758896106
2025-12-30 17:00:00+00:00,DOGE,-0.1644868824916727,-0.1971899039332212
2025-12-30 17:00:00+00:00,ETH,0.4232862754268646,0.3862062628607777
2025-12-30 17:00:00+00:00,FIGR_HELOC,-0.1142906595978073,0.0529389393633512
2025-12-30 17:00:00+00:00,HBAR,-0.6465986508850194,-0.5406940729956164
2025-12-30 17:00:00+00:00,HYPE,-0.7657702065543545,-0.8090505363689524
2025-12-30 17:00:00+00:00,LINK,-0.1812503592436382,-0.2876333721373958
2025-12-30 17:00:00+00:00,LTC,-0.2244257292184208,-0.3162848762931954
2025-12-30 17:00:00+00:00,SOL,0.691710988935807,0.7515721741240661
2025-12-30 17:00:00+00:00,SUI,-0.2565673483315622,-0.2087113032176836
2025-12-30 17:00:00+00:00,TRX,0.2683883440590883,0.4147105457648083
2025-12-30 17:00:00+00:00,XLM,-0.9604799496650924,-0.9852781234562928
2025-12-30 17:00:00+00:00,XMR,-0.1868862719343255,-0.1445721028741025
2025-12-30 17:00:00+00:00,XRP,0.161673022665769,0.1248763183083495
2025-12-30 17:00:00+00:00,ZEC,-0.4987314319890094,-0.6868395175818929
2025-12-30 17:45:00+00:00,ADA,-0.2366574403678988,-0.1044684375861727
2025-12-30 17:45:00+00:00,AVAX,-0.0574662908669125,0.0614565058925256
2025-12-30 17:45:00+00:00,BCH,-0.4125790312391059,-0.430963682792218
2025-12-30 17:45:00+00:00,BNB,0.418568621643129,0.5016154265619733
2025-12-30 17:45:00+00:00,BTC,-0.0764224555692664,-0.1404529963775968
2025-12-30 17:45:00+00:00,CC,2.9402305375522544,2.816226078625635
2025-12-30 17:45:00+00:00,DOGE,-0.0512789823813784,-0.0560733730358874
2025-12-30 17:45:00+00:00,ETH,0.4678038898021701,0.4746359353466595
2025-12-30 17:45:00+00:00,FIGR_HELOC,0.0166890201309181,0.0698902206693847
2025-12-30 17:45:00+00:00,HBAR,-1.0581574130869933,-1.1433646943590396
2025-12-30 17:45:00+00:00,HYPE,-0.5804968825428338,-0.5815784880142119
2025-12-30 17:45:00+00:00,LINK,-0.0169164938392188,-0.0628088528251896
2025-12-30 17:45:00+00:00,LTC,-0.5757818540581096,-0.742289726492951
2025-12-30 17:45:00+00:00,SOL,-0.0325598007496186,-0.1644496692144482
2025-12-30 17:45:00+00:00,SUI,-0.1734409118677027,-0.1752072936287598
2025-12-30 17:45:00+00:00,TRX,0.2057458657541625,0.2085164952696026
2025-12-30 17:45:00+00:00,XLM,-1.4612629063613876,-1.5166079054818735
2025-12-30 17:45:00+00:00,XMR,-0.1084284672003481,0.0154414872312883
2025-12-30 17:45:00+00:00,XRP,0.9520695417210712,1.1384505788873105
2025-12-30 17:45:00+00:00,ZEC,-0.2186321984605439,-0.2269412606636436
2025-12-30 20:45:00+00:00,ADA,-0.4000551036312979,-0.3996244158471261
2025-12-30 20:45:00+00:00,AVAX,0.003462997840291,0.0143072902188384
2025-12-30 20:45:00+00:00,BCH,-0.3937386247940506,-0.4453572953410451
2025-12-30 20:45:00+00:00,BNB,0.0981943219581495,0.1336104493453312
2025-12-30 20:45:00+00:00,BTC,-0.0119833864988893,-0.0361688681593573
2025-12-30 20:45:00+00:00,CC,3.902332193010437,3.902935740507415
2025-12-30 20:45:00+00:00,DOGE,-0.3452918099979537,-0.3346456512348337
2025-12-30 20:45:00+00:00,ETH,-0.0411449503823673,-0.0752068508849829
2025-12-30 20:45:00+00:00,FIGR_HELOC,-0.2238868012489396,-0.1829553056487206
2025-12-30 20:45:00+00:00,HYPE,0.0694756016272851,0.1109008926366827
2025-12-30 20:45:00+00:00,LINK,-0.0770998158923435,-0.1114663588159815
2025-12-30 20:45:00+00:00,LTC,-0.3734581338897663,-0.3951378324996458
2025-12-30 20:45:00+00:00,SOL,-0.2215723422455973,-0.2712857734228115
2025-12-30 20:45:00+00:00,SUI,-0.3137064012353189,-0.2985819264042873
2025-12-30 20:45:00+00:00,TRX,0.3649043327999106,0.4476983515485069
2025-12-30 20:45:00+00:00,USDT0,-0.1053234735344657,-0.0876520852584721
2025-12-30 20:45:00+00:00,XLM,-0.9743253396452464,-0.948540221928218
2025-12-30 20:45:00+00:00,XMR,-0.2169845521202371,-0.1508112011249083
2025-12-30 20:45:00+00:00,XRP,-0.0437748203041269,-0.0697537343232171
2025-12-30 20:45:00+00:00,ZEC,-0.7549852742189916,-0.8612265857666855
2025-12-31 06:45:00+00:00,ADA,-0.5055828745640429,-0.5435851534767561
2025-12-31 06:45:00+00:00,AVAX,-0.0225838708302122,0.0058412071212856
2025-12-31 06:45:00+00:00,BCH,0.0907550574228091,0.1810607260263164
2025-12-31 06:45:00+00:00,BNB,0.5258847211030938,0.6379444299455151
2025-12-31 06:45:00+00:00,BTC,0.1550476699365149,0.175707049126164
2025-12-31 06:45:00+00:00,CC,1.126444366207579,0.4070111326774241
2025-12-31 06:45:00+00:00,DOGE,-0.3327040300843254,-0.2938641094254202
2025-12-31 06:45:00+00:00,ETH,0.0786118591581593,0.1128871207377101
2025-12-31 06:45:00+00:00,FIGR_HELOC,-0.0390340057227636,0.0700085312360296
2025-12-31 06:45:00+00:00,HBAR,0.1576115107860738,0.3150402358091461
2025-12-31 06:45:00+00:00,HYPE,-0.0293762578945835,0.0715549624338372
2025-12-31 06:45:00+00:00,LINK,-0.2079225944859778,-0.1913902425825864
2025-12-31 06:45:00+00:00,LTC,0.0817312715750514,0.1640003131677914
2025-12-31 06:45:00+00:00,SOL,0.4273569234525017,0.5139762892411135
2025-12-31 06:45:00+00:00,SUI,-0.1832729309971861,-0.1832076217345198
2025-12-31 06:45:00+00:00,TRX,-0.2924722625028716,-0.3444959156023013
2025-12-31 06:45:00+00:00,XLM,-0.4895129174128283,-0.3976502276332943
2025-12-31 06:45:00+00:00,XMR,0.0593536464623009,0.0559423507865616
2025-12-31 06:45:00+00:00,XRP,0.1226790495874568,0.1981969705840098
2025-12-31 06:45:00+00:00,ZEC,-0.7819104965140619,-1.0138742137553391
2025-12-31 09:45:00+00:00,ADA,-0.359614098326865,-0.3138430337115368
2025-12-31 09:45:00+00:00,AVAX,-0.1856267282157994,-0.2407533365897263
2025-12-31 09:45:00+00:00,BCH,0.30039682941925,0.3396148399064262
2025-12-31 09:45:00+00:00,BNB,-0.141355461838746,-0.250979259115701
2025-12-31 09:45:00+00:00,BTC,0.338491768882965,0.3675863963698816
2025-12-31 09:45:00+00:00,CC,2.184575533479651,1.7335942848086008
2025-12-31 09:45:00+00:00,DOGE,-0.6520137171586987,-0.6937377280312274
2025-12-31 09:45:00+00:00,ETH,0.1162655503902172,0.1697403210903317
2025-12-31 09:45:00+00:00,FIGR_HELOC,-0.3091231109447863,0.2850624099608816
2025-12-31 09:45:00+00:00,HBAR,-0.8774735402343659,-1.0014536961450395
2025-12-31 09:45:00+00:00,HYPE,0.7759058584861716,0.9559427775065712
2025-12-31 09:45:00+00:00,LINK,-0.0907927934178718,-0.0652653057183998
2025-12-31 09:45:00+00:00,LTC,0.0644261794368549,0.0990448429842435
2025-12-31 09:45:00+00:00,SOL,0.598775614788352,0.6757142148011975
2025-12-31 09:45:00+00:00,SUI,0.4035406916553551,0.4987678494935452
2025-12-31 09:45:00+00:00,TRX,-0.7244952799756224,-0.8407296770346978
2025-12-31 09:45:00+00:00,XLM,-0.4281562076206754,-0.3012124183380407
2025-12-31 09:45:00+00:00,XMR,-0.8778681053606566,-1.1838553489773922
2025-12-31 09:45:00+00:00,XRP,-0.1002020826412995,-0.1041609501369733
2025-12-31 09:45:00+00:00,ZEC,-0.0948108748715303,-0.1882311571910447
2025-12-31 11:30:00+00:00,ADA,-0.3251822215525315,-0.2160280291585033
2025-12-31 11:30:00+00:00,AVAX,0.1445229528921745,0.1392620458336843
2025-12-31 11:30:00+00:00,BCH,0.632755518770406,0.7880969742329688
2025-12-31 11:30:00+00:00,BNB,0.0582490052177965,-0.0112752744930862
2025-12-31 11:30:00+00:00,BTC,0.104850201934707,0.0623212585738347
2025-12-31 11:30:00+00:00,CC,3.4330908901527577,3.3720190406452173
2025-12-31 11:30:00+00:00,DOGE,-0.3651051408130455,-0.4627675524290108
2025-12-31 11:30:00+00:00,ETH,0.334128570537624,0.4102090300791645
2025-12-31 11:30:00+00:00,FIGR_HELOC,-0.3598927114651887,-0.0171527511723066
2025-12-31 11:30:00+00:00,HBAR,-0.4938891283105258,-0.455950160766038
2025-12-31 11:30:00+00:00,HYPE,-0.8943882827511264,-1.1192045069457282
2025-12-31 11:30:00+00:00,LINK,-0.0533430489025844,-0.0517933672200398
2025-12-31 11:30:00+00:00,LTC,-0.3167019691468222,-0.3050653482328669
2025-12-31 11:30:00+00:00,SOL,0.1508812591865541,0.1785418236137865
2025-12-31 11:30:00+00:00,SUI,0.2011662284616043,0.2189998137971077
2025-12-31 11:30:00+00:00,TRX,-0.6865047083841525,-0.6774670757967194
2025-12-31 11:30:00+00:00,XLM,-0.8363445792084264,-0.8032868487520073
2025-12-31 11:30:00+00:00,XMR,-0.5077752986838119,-0.6824065806522985
2025-12-31 11:30:00+00:00,XRP,-0.0406360294981261,-0.0695358823004698
2025-12-31 11:30:00+00:00,ZEC,-0.2387648613511448,-0.3563999617705509
2025-12-31 15:00:00+00:00,ADA,-0.6468643728976653,-0.6646435007907372
2025-12-31 15:00:00+00:00,AVAX,-0.0846023329285216,-0.1217250208578657
2025-12-31 15:00:00+00:00,BCH,0.5094661377032195,0.6657694225209472
2025-12-31 15:00:00+00:00,BNB,-0.3218104277750469,-0.4983364484265394
2025-12-31 15:00:00+00:00,BTC,-0.5326623176409204,-0.5071672762727453
2025-12-31 15:00:00+00:00,CC,2.0470997618937177,1.7272013703521132
2025-12-31 15:00:00+00:00,DOGE,-0.4368760213621094,-0.4116145001071141
2025-12-31 15:00:00+00:00,ETH,-0.6105835506571456,-0.7589199773044008
2025-12-31 15:00:00+00:00,FIGR_HELOC,0.6860150105076758,0.8345243194528134
2025-12-31 15:00:00+00:00,HBAR,-0.1184036648935195,0.0128612693934378
2025-12-31 15:00:00+00:00,HYPE,0.3864954684372715,0.338593880032865
2025-12-31 15:00:00+00:00,LINK,-0.200346423328851,-0.2438022209157122
2025-12-31 15:00:00+00:00,LTC,0.3487135259366024,0.4349997774149686
2025-12-31 15:00:00+00:00,SOL,-0.342968540429567,-0.5066148961372011
2025-12-31 15:00:00+00:00,SUI,-0.004892800610242,-0.0348664077998605
2025-12-31 15:00:00+00:00,TRX,0.2457539128389743,0.3869771785417648
2025-12-31 15:00:00+00:00,XLM,-1.103539099674412,-1.1112509637595456
2025-12-31 15:00:00+00:00,XMR,0.8861880772480593,1.0982595682067775
2025-12-31 15:00:00+00:00,XRP,-0.1358242344472707,-0.1371777180570912
2025-12-31 15:00:00+00:00,ZEC,-0.6291836689709549,-0.5618934165375817
2025-12-31 15:30:00+00:00,ADA,-0.7949958453192897,-0.7758117917193594
2025-12-31 15:30:00+00:00,AVAX,-0.1793259418422677,-0.2037472760499421
2025-12-31 15:30:00+00:00,BCH,0.3780595390549441,0.3872613544707078
2025-12-31 15:30:00+00:00,BNB,-0.1152958190358166,-0.2830935556121867
2025-12-31 15:30:00+00:00,BTC,-0.2693520558602339,-0.4811851024116593
2025-12-31 15:30:00+00:00,CC,2.087567550052636,1.8495063328790693
2025-12-31 15:30:00+00:00,DOGE,-1.3400369360445807,-1.3924686902137706
2025-12-31 15:30:00+00:00,ETH,-0.1045002306139038,-0.2491981558573227
2025-12-31 15:30:00+00:00,FIGR_HELOC,1.0085501152267342,1.1330944047884324
2025-12-31 15:30:00+00:00,HBAR,-0.1748027661573384,-0.0043423664252264
2025-12-31 15:30:00+00:00,HYPE,0.4471543280011061,0.4534919711579751
2025-12-31 15:30:00+00:00,LINK,-0.161092356653474,-0.1384176738549969
2025-12-31 15:30:00+00:00,LTC,0.4359308953152786,0.5776677070196472
2025-12-31 15:30:00+00:00,SOL,0.1029115994890154,-0.0045379982527145
2025-12-31 15:30:00+00:00,SUI,-0.291007493709798,-0.286105986366321
2025-12-31 15:30:00+00:00,TRX,0.7642613147737961,1.0427541835261511
2025-12-31 15:30:00+00:00,XLM,-1.0584384434866765,-1.1035997100820882
2025-12-31 15:30:00+00:00,XMR,0.0636259200168121,0.0988128285404196
2025-12-31 15:30:00+00:00,XRP,-0.1301091596484811,-0.0699777336157315
2025-12-31 15:30:00+00:00,ZEC,-0.7278821497778604,-0.6088806781404819
2025-12-31 18:45:00+00:00,ADA,-0.7204773416256749,-0.6140327867584565
2025-12-31 18:45:00+00:00,AVAX,0.0616330638991625,0.1113925211682091
2025-12-31 18:45:00+00:00,BCH,0.4201460235495705,0.4042555967101748
2025-12-31 18:45:00+00:00,BNB,-0.0465295128379505,-0.1245965213655262
2025-12-31 18:45:00+00:00,BTC,0.144425692443098,0.1775775037670424
2025-12-31 18:45:00+00:00,CC,3.19189079101812,3.129364862763859
2025-12-31 18:45:00+00:00,DOGE,-1.4123482477975862,-1.4724824834736063
2025-12-31 18:45:00+00:00,ETH,-0.04886028128334,-0.1070324678794884
2025-12-31 18:45:00+00:00,FIGR_HELOC,0.0639807177948595,-0.0288247225476292
2025-12-31 18:45:00+00:00,HBAR,-1.200199772431932,-1.2859816898523575
2025-12-31 18:45:00+00:00,HYPE,0.6008277718041739,0.6915203672843441
2025-12-31 18:45:00+00:00,LINK,0.2559582873436459,0.3225082701388688
2025-12-31 18:45:00+00:00,LTC,0.3688432637422359,0.4891569621878187
2025-12-31 18:45:00+00:00,SOL,0.1422589419304203,0.116839205722729
2025-12-31 18:45:00+00:00,SUI,-0.1425609740410118,-0.0870087062845958
2025-12-31 18:45:00+00:00,TRX,-0.0732396872232166,-0.1117425879009831
2025-12-31 18:45:00+00:00,XLM,-1.2878996403713658,-1.2663349708394938
2025-12-31 18:45:00+00:00,XMR,0.2934873814586515,0.2272465463219155
2025-12-31 18:45:00+00:00,XRP,-0.4832355051304245,-0.5074203638870787
2025-12-31 18:45:00+00:00,ZEC,-0.1868761888010209,-0.1231797518353294
2025-12-31 19:00:00+00:00,ADA,-0.6554044703240774,-0.9030328791680624
2025-12-31 19:00:00+00:00,AVAX,-0.0050485437027098,0.1170677581648275
2025-12-31 19:00:00+00:00,BCH,0.0474262924776902,0.125146840213083
2025-12-31 19:00:00+00:00,BNB,0.3914755717018079,0.0825297110592907
2025-12-31 19:00:00+00:00,BTC,0.0313678822912893,0.2488224964750893
2025-12-31 19:00:00+00:00,CC,2.2467518436351,1.6389616225448609
2025-12-31 19:00:00+00:00,DOGE,-1.3023298192515609,-1.308083065629613
2025-12-31 19:00:00+00:00,ETH,0.4760847323671521,0.1823266913808322
2025-12-31 19:00:00+00:00,FIGR_HELOC,0.3248919138490231,0.544023764456732
2025-12-31 19:00:00+00:00,HBAR,-0.6328586192504785,-0.4656436774677157
2025-12-31 19:00:00+00:00,HYPE,1.048324690325393,1.5221071983715726
2025-12-31 19:00:00+00:00,LINK,0.2134381296299584,-0.063878636685266
2025-12-31 19:00:00+00:00,LTC,0.7279727871111707,0.7050369024693779
2025-12-31 19:00:00+00:00,SOL,0.0890169311228807,0.161077497063119
2025-12-31 19:00:00+00:00,SUI,-0.4947251538425742,-0.3875252874259349
2025-12-31 19:00:00+00:00,TRX,0.1408048495341561,0.4039136183923928
2025-12-31 19:00:00+00:00,XLM,-1.649915732053269,-1.7325161106265556
2025-12-31 19:00:00+00:00,XMR,-0.3753876112255203,-0.511713713135221
2025-12-31 19:00:00+00:00,XRP,-0.291303843528603,-0.1211665327837454
2025-12-31 19:00:00+00:00,ZEC,-0.3893891742495824,-0.2962615410518177
2025-12-31 19:45:00+00:00,ADA,-0.6256273028829056,-0.4740835527384802
2025-12-31 19:45:00+00:00,AVAX,0.1121410048582,0.1607635311139355
2025-12-31 19:45:00+00:00,BCH,0.0027082904172183,-0.2336000275295606
2025-12-31 19:45:00+00:00,BNB,0.8052027687970942,0.9389383620840934
2025-12-31 19:45:00+00:00,BTC,0.216971827455158,0.2109972940573055
2025-12-31 19:45:00+00:00,CC,0.8657637392063956,0.2618364909619578
2025-12-31 19:45:00+00:00,DOGE,-0.502215458108324,-0.4368239552117939
2025-12-31 19:45:00+00:00,ETH,0.4049195584437026,0.4131838012252111
2025-12-31 19:45:00+00:00,FIGR_HELOC,0.6409027827821346,0.7153908574278751
2025-12-31 19:45:00+00:00,HBAR,-0.2724502060617168,-0.1106782558833242
2025-12-31 19:45:00+00:00,HYPE,0.5350022412182189,0.5966844696777521
2025-12-31 19:45:00+00:00,LINK,-0.1231458422488497,-0.0998704779605959
2025-12-31 19:45:00+00:00,LTC,-0.0341728838826762,0.0217155366282903
2025-12-31 19:45:00+00:00,SOL,0.0859346725884789,0.068279495075874
2025-12-31 19:45:00+00:00,SUI,-0.1718474593025564,-0.1058425964119846
2025-12-31 19:45:00+00:00,TRX,0.4432261893061052,0.5592611954570764
2025-12-31 19:45:00+00:00,XLM,-0.6782072406214296,-0.5104549706627133
2025-12-31 19:45:00+00:00,XMR,-0.1462548924916043,-0.2640376556760547
2025-12-31 19:45:00+00:00,XRP,-0.419013030966762,-0.3965956512140084
2025-12-31 19:45:00+00:00,ZEC,-1.1986182090239692,-1.373843340938942
2026-01-01 08:15:00+00:00,ADA,-0.8506125919505693,-0.8353994335794462
2026-01-01 08:15:00+00:00,AVAX,-0.2494113078576483,-0.2481692190247867
2026-01-01 08:15:00+00:00,BCH,0.0068697582989616,-0.0358131649855027
2026-01-01 08:15:00+00:00,BNB,-0.1259690036875938,-0.1920325624781198
2026-01-01 08:15:00+00:00,BTC,0.0255831727814659,0.0190066438739696
2026-01-01 08:15:00+00:00,CC,3.91370560085472,3.91150648364438
2026-01-01 08:15:00+00:00,DOGE,-0.7169388504782483,-0.658881869738089
2026-01-01 08:15:00+00:00,ETH,0.1894662032270705,0.1322250610667547
2026-01-01 08:15:00+00:00,FIGR_HELOC,-0.1567427078682275,0.025375117703992
2026-01-01 08:15:00+00:00,HBAR,-0.8282363098166912,-0.8422945411639174
2026-01-01 08:15:00+00:00,HYPE,0.1806007080401413,0.1657071894237214
2026-01-01 08:15:00+00:00,LINK,-0.3526096797135397,-0.3877304309976816
2026-01-01 08:15:00+00:00,LTC,-0.1688434223015408,-0.1950474776076908
2026-01-01 08:15:00+00:00,SOL,-0.3984972541292616,-0.4948064496250876
2026-01-01 08:15:00+00:00,SUI,-0.1287818604246962,-0.0609663755272815
2026-01-01 08:15:00+00:00,TRX,0.0641665336131016,0.0042962126787485
2026-01-01 08:15:00+00:00,XLM,-0.3548322518641769,-0.2997104723050433
2026-01-01 08:15:00+00:00,XMR,-0.4323083589382346,-0.40107374928486
2026-01-01 08:15:00+00:00,XRP,-0.2998370672375707,-0.3297699000593889
2026-01-01 08:15:00+00:00,ZEC,0.6245755063717476,0.6649257549045384
2026-01-01 15:00:00+00:00,ADA,-0.1719166227751985,-0.1276406649501705
2026-01-01 15:00:00+00:00,AVAX,0.0773655564544851,0.1065239982228838
2026-01-01 15:00:00+00:00,BCH,-0.6882742384987175,-0.7917675599376377
2026-01-01 15:00:00+00:00,BNB,-0.3618730711932786,-0.3568819707985184
2026-01-01 15:00:00+00:00,BTC,0.0732223221602845,0.1555696907417451
2026-01-01 15:00:00+00:00,CC,2.56368202127368,2.2863928898629555
2026-01-01 15:00:00+00:00,DOGE,-0.2866506686459633,-0.2737141913108497
2026-01-01 15:00:00+00:00,ETH,0.2007403833854124,0.2838467541681999
2026-01-01 15:00:00+00:00,FIGR_HELOC,-0.0991098593511211,-0.003589096474254
2026-01-01 15:00:00+00:00,HBAR,-0.5787041997875252,-0.6597438320118374
2026-01-01 15:00:00+00:00,HYPE,-1.6337181513695078,-1.895814773874156
2026-01-01 15:00:00+00:00,LINK,-0.0059698820722171,-0.04244708107537
2026-01-01 15:00:00+00:00,LTC,0.111728239640134,0.1438559830698768
2026-01-01 15:00:00+00:00,SOL,-0.0960167373523076,-0.0468669605247367
2026-01-01 15:00:00+00:00,SUI,0.2396757802858325,0.3651596250691531
2026-01-01 15:00:00+00:00,TRX,0.064607864444803,0.1300125732782517
2026-01-01 15:00:00+00:00,XLM,-0.3678315607421588,-0.4563462063368267
2026-01-01 15:00:00+00:00,XMR,-0.6043103339096171,-0.4942643481880214
2026-01-01 15:00:00+00:00,XRP,-0.2038987831044362,-0.141438730856398
2026-01-01 15:00:00+00:00,ZEC,1.708827136416403,1.7607290971846947
2026-01-01 17:30:00+00:00,ADA,0.8344470482723849,0.881741161975861
2026-01-01 17:30:00+00:00,AVAX,0.2551016475762246,0.2925562995630724
2026-01-01 17:30:00+00:00,BCH,-0.5803903814231653,-0.5335108857431828
2026-01-01 17:30:00+00:00,BNB,-0.2980241736060479,-0.2790233903629937
2026-01-01 17:30:00+00:00,BTC,-0.0013618669803494,0.0602143286644554
2026-01-01 17:30:00+00:00,CC,-0.1964299401132428,-0.8702716799335121
2026-01-01 17:30:00+00:00,DOGE,0.4492700935951412,0.4030346165718338
2026-01-01 17:30:00+00:00,ETH,-0.0351344307500222,0.0060955249349479
2026-01-01 17:30:00+00:00,FIGR_HELOC,-0.9360114470368563,-0.9482100789197396
2026-01-01 17:30:00+00:00,HBAR,0.4640708494671992,0.4885063719921976
2026-01-01 17:30:00+00:00,HYPE,-0.761744291934239,-0.5903136464876018
2026-01-01 17:30:00+00:00,LINK,0.0926570385678168,0.1427105260547791
2026-01-01 17:30:00+00:00,LTC,0.1415759561483774,0.09596199281959
2026-01-01 17:30:00+00:00,SOL,-0.0755126559758652,-0.0287022291580068
2026-01-01 17:30:00+00:00,SUI,0.3905961329700932,0.4318154102456523
2026-01-01 17:30:00+00:00,TRX,-0.1661620541926534,-0.1541517393303281
2026-01-01 17:30:00+00:00,XLM,0.7721127218592189,0.8411566797944834
2026-01-01 17:30:00+00:00,XMR,-1.0026978867740188,-0.8974386493458003
2026-01-01 17:30:00+00:00,XRP,0.1684784219167516,0.2118501627592121
2026-01-01 17:30:00+00:00,ZEC,0.4271651655121068,0.3879851710039366
2026-01-01 19:30:00+00:00,ADA,0.4446023198084254,0.404905130278213
2026-01-01 19:30:00+00:00,AVAX,0.9575186393729476,0.9799913730728848
2026-01-01 19:30:00+00:00,BCH,-0.4395479567667764,-0.3984543855963525
2026-01-01 19:30:00+00:00,BNB,-0.3957462994888917,-0.3837294459755601
2026-01-01 19:30:00+00:00,BTC,-0.2563120582863114,-0.2559102333449629
2026-01-01 19:30:00+00:00,CC,2.6827823073162307,2.851061899372231
2026-01-01 19:30:00+00:00,DOGE,0.495717100637282,0.4314806047281166
2026-01-01 19:30:00+00:00,ETH,-0.2584269631354584,-0.2676358155393278
2026-01-01 19:30:00+00:00,FIGR_HELOC,-0.7395481915844232,-0.703993356317213
2026-01-01 19:30:00+00:00,HBAR,0.6077297796719207,0.5928607523448645
2026-01-01 19:30:00+00:00,HYPE,-1.159000371117022,-1.0541556071577003
2026-01-01 19:30:00+00:00,LINK,-0.1908969094883823,-0.2013991932433922
2026-01-01 19:30:00+00:00,LTC,0.1055501401454226,0.0625868932998706
2026-01-01 19:30:00+00:00,SOL,-0.268805119792887,-0.2631119827836576
2026-01-01 19:30:00+00:00,SUI,-0.0235089573048333,-0.0657673244593826
2026-01-01 19:30:00+00:00,TRX,-0.2568423954816367,-0.2749962754616718
2026-01-01 19:30:00+00:00,XLM,-0.142149687027828,-0.1987510692578216
2026-01-01 19:30:00+00:00,XMR,-1.3134942692542366,-1.295014889271211
2026-01-01 19:30:00+00:00,XRP,-0.0851935014692614,-0.099738925901374
2026-01-01 19:30:00+00:00,ZEC,0.1775792792757342,0.0817787372434605
2026-01-01 23:30:00+00:00,ADA,0.1627016486178089,0.0860282822140367
2026-01-01 23:30:00+00:00,AVAX,0.6958037724739511,0.5572350985845814
2026-01-01 23:30:00+00:00,BCH,-0.8862132405352384,-0.8750056028759366
2026-01-01 23:30:00+00:00,BNB,-0.4797049646837023,-0.4300654380023204
2026-01-01 23:30:00+00:00,BTC,-0.3091004273040524,-0.2741803114061824
2026-01-01 23:30:00+00:00,CC,2.009502478695518,2.013661045712809
2026-01-01 23:30:00+00:00,DOGE,0.2533948457123922,0.0623938462645358
2026-01-01 23:30:00+00:00,ETH,-0.0424720844068338,0.0587632132029594
2026-01-01 23:30:00+00:00,FIGR_HELOC,-1.0498789339787609,-1.0329000575094174
2026-01-01 23:30:00+00:00,HBAR,0.6755086225807596,0.6092177377687887
2026-01-01 23:30:00+00:00,HYPE,-1.131545264990557,-1.0310854750164062
2026-01-01 23:30:00+00:00,LINK,0.1866097510628657,0.1577423684959411
2026-01-01 23:30:00+00:00,LTC,-0.1004910560846483,-0.2391642831822131
2026-01-01 23:30:00+00:00,SOL,0.690059155332997,0.9546105188276456
2026-01-01 23:30:00+00:00,SUI,0.7577717143489604,0.8868844722401095
2026-01-01 23:30:00+00:00,TRX,-0.534879919661763,-0.6328757577348743
2026-01-01 23:30:00+00:00,XLM,0.1140615424795119,0.1998060640758837
2026-01-01 23:30:00+00:00,XMR,-1.1811855522107952,-1.2356154348412145
2026-01-01 23:30:00+00:00,XRP,-0.0552214913722466,0.0280732000623339
2026-01-01 23:30:00+00:00,ZEC,0.1671653551075826,0.0783624643026896
2026-01-02 04:00:00+00:00,ADA,0.6942041717854799,0.7068195501571864
2026-01-02 04:00:00+00:00,AVAX,0.2677961160201114,-0.0349227069886829
2026-01-02 04:00:00+00:00,BCH,-0.6003046652363897,-0.5516474157711146
2026-01-02 04:00:00+00:00,BNB,-0.6631433206136595,-0.6901704446084633
2026-01-02 04:00:00+00:00,BTC,-0.4697620606075967,-0.5299903118932975
2026-01-02 04:00:00+00:00,CC,0.2969797510008645,0.214915092734777
2026-01-02 04:00:00+00:00,DOGE,0.9004450471295594,0.965569104322935
2026-01-02 04:00:00+00:00,ETH,-0.1626012310590022,-0.1816992854155861
2026-01-02 04:00:00+00:00,FIGR_HELOC,-1.0059161317441605,-0.9949914609828332
2026-01-02 04:00:00+00:00,HBAR,0.939796000150138,0.9783289435123474
2026-01-02 04:00:00+00:00,HYPE,-0.7185646480592611,-0.6185080122654733
2026-01-02 04:00:00+00:00,LINK,1.035301120650316,1.2070333860388491
2026-01-02 04:00:00+00:00,LTC,0.2058192832826802,0.2299177633827145
2026-01-02 04:00:00+00:00,SOL,-0.0618399915145461,-0.0230297353125577
2026-01-02 04:00:00+00:00,SUI,1.0099906782331098,1.128767536892871
2026-01-02 04:00:00+00:00,TRX,-0.772469486122521,-0.8848544917835501
2026-01-02 04:00:00+00:00,XLM,0.3328840797375005,0.4939072601477351
2026-01-02 04:00:00+00:00,XMR,-1.0802231386073635,-1.0344022176440222
2026-01-02 04:00:00+00:00,XRP,-0.1280550695063651,-0.1540185925355321
2026-01-02 04:00:00+00:00,ZEC,-0.0786276915219944,-0.2853151485914038
2026-01-02 06:45:00+00:00,ADA,0.2164970174505622,0.1419953309278132
2026-01-02 06:45:00+00:00,AVAX,-0.0599148809280236,-0.4049779871075774
2026-01-02 06:45:00+00:00,BCH,-0.3657016038685594,-0.3583173378030354
2026-01-02 06:45:00+00:00,BNB,-0.3127624765658382,-0.2861709685698208
2026-01-02 06:45:00+00:00,BTC,-0.0857043076350075,-0.0281526140328311
2026-01-02 06:45:00+00:00,CC,1.7437651617337862,1.8411449544297405
2026-01-02 06:45:00+00:00,DOGE,0.8258475104254238,0.8012999632870949
2026-01-02 06:45:00+00:00,ETH,0.1965344586937419,0.2919289340021532
2026-01-02 06:45:00+00:00,FIGR_HELOC,-0.7448593283190046,-0.3260184560331761
2026-01-02 06:45:00+00:00,HBAR,0.7374178765056784,0.7237392580221418
2026-01-02 06:45:00+00:00,HYPE,-0.5003384795065592,-0.3186856257226481
2026-01-02 06:45:00+00:00,LINK,0.1270106186596312,-0.0007815177575493
2026-01-02 06:45:00+00:00,LTC,-0.4094358671113992,-0.5051599413929511
2026-01-02 06:45:00+00:00,SOL,-0.0379756045165597,-0.0120865803655227
2026-01-02 06:45:00+00:00,SUI,0.7797021119460192,0.7905856284074498
2026-01-02 06:45:00+00:00,TRX,-0.5008676292842723,-0.581719279601642
2026-01-02 06:45:00+00:00,XLM,-0.369167822762214,-0.3864526399193807
2026-01-02 06:45:00+00:00,XMR,-0.9456525320863364,-0.8778866160912415
2026-01-02 06:45:00+00:00,XRP,-0.1238769389581566,-0.0842181460613732
2026-01-02 06:45:00+00:00,ZEC,-0.2287817369285489,-0.4783308116732795
2026-01-02 10:00:00+00:00,ADA,0.9480856056661928,1.016467986091892
2026-01-02 10:00:00+00:00,AVAX,0.5739485635014135,0.4802644369806593
2026-01-02 10:00:00+00:00,BCH,-0.451145378907137,-0.4683711537340148
2026-01-02 10:00:00+00:00,BNB,-0.3360818757763498,-0.3878369344554573
2026-01-02 10:00:00+00:00,BTC,-0.1882686642065995,-0.1967158288401455
2026-01-02 10:00:00+00:00,CC,-1.0813655617436095,-1.443428147242364
2026-01-02 10:00:00+00:00,DOGE,1.6496961649181678,1.837813245334006
2026-01-02 10:00:00+00:00,ETH,-0.0831151491400596,-0.1113387192558282
2026-01-02 10:00:00+00:00,FIGR_HELOC,-0.7857832405343506,-0.4082330883450105
2026-01-02 10:00:00+00:00,HBAR,0.6709782116556137,0.6472981384622281
2026-01-02 10:00:00+00:00,HYPE,-0.3644721520527381,-0.2243915956700907
2026-01-02 10:00:00+00:00,LINK,0.3305410943112294,0.2826104750438906
2026-01-02 10:00:00+00:00,LTC,0.0620610240633226,0.0468640067885815
2026-01-02 10:00:00+00:00,SOL,-0.0093070962352323,-0.0376748824911381
2026-01-02 10:00:00+00:00,SUI,0.8499907852029285,0.8612922406195891
2026-01-02 10:00:00+00:00,TRX,-0.6239838633177819,-0.6638004584329444
2026-01-02 10:00:00+00:00,XLM,0.178982959132497,0.2705710365518256
2026-01-02 10:00:00+00:00,XMR,-0.562915927935638,-0.5307225504151846
2026-01-02 10:00:00+00:00,XRP,0.0892405091616163,0.0962253707037508
2026-01-02 10:00:00+00:00,ZEC,-0.92541895211577,-1.1252265220465263
2026-01-02 11:00:00+00:00,ADA,0.1220480681483715,0.0050428157987276
2026-01-02 11:00:00+00:00,AVAX,0.4672115807122659,0.3836616334763081
2026-01-02 11:00:00+00:00,BCH,-0.6388428762227457,-0.5944729076401786
2026-01-02 11:00:00+00:00,BNB,-0.2284003137808239,-0.242315036481052
2026-01-02 11:00:00+00:00,BTC,-0.1008093039330325,-0.0799942000897705
2026-01-02 11:00:00+00:00,CC,1.2826063788636357,1.5864992724628135
2026-01-02 11:00:00+00:00,DOGE,0.6388384652558958,0.6416729107990086
2026-01-02 11:00:00+00:00,ETH,-0.1788205088587519,-0.2125002012563409
2026-01-02 11:00:00+00:00,FIGR_HELOC,-0.291699758984871,-0.2907275074700468
2026-01-02 11:00:00+00:00,HBAR,0.9854813012339126,1.0060063799390364
2026-01-02 11:00:00+00:00,HYPE,-1.0041790278014158,-1.0189892246065124
2026-01-02 11:00:00+00:00,LINK,0.0185780821876335,-0.0836784386181494
2026-01-02 11:00:00+00:00,LTC,-0.274078247857486,-0.3522100221417337
2026-01-02 11:00:00+00:00,SOL,-0.2606558976892427,-0.3406350256353762
2026-01-02 11:00:00+00:00,SUI,0.2107264689277905,0.0692414850009124
2026-01-02 11:00:00+00:00,TRX,-0.202993495994504,-0.133228007632732
2026-01-02 11:00:00+00:00,XLM,-0.0329149851736429,-0.0207052680556221
2026-01-02 11:00:00+00:00,XMR,0.0330022420232125,0.1753245709845678
2026-01-02 11:00:00+00:00,XRP,-0.204692656365912,-0.1372713524627178
2026-01-02 11:00:00+00:00,ZEC,-0.3987648587493773,-0.4190812204302303
2026-01-02 11:30:00+00:00,ADA,0.0763224547575564,-0.0227546769497515
2026-01-02 11:30:00+00:00,AVAX,0.447491923348091,0.3523032100242724
2026-01-02 11:30:00+00:00,BCH,-0.3819617639666158,-0.3758036626217225
2026-01-02 11:30:00+00:00,BNB,-0.1510744071568229,-0.1564784359145499
2026-01-02 11:30:00+00:00,BTC,-0.0029895687154136,0.0125003596506384
2026-01-02 11:30:00+00:00,CC,1.4084483399706271,1.755266173734063
2026-01-02 11:30:00+00:00,DOGE,0.3278887264156381,0.1864746950950657
2026-01-02 11:30:00+00:00,ETH,-0.0550140387732286,-0.0473483277695845
2026-01-02 11:30:00+00:00,FIGR_HELOC,-0.255330849655229,-0.1962077023895643
2026-01-02 11:30:00+00:00,HBAR,0.7824486315376282,0.7759360911953849
2026-01-02 11:30:00+00:00,HYPE,-0.8660845082849498,-0.8144121818722946
2026-01-02 11:30:00+00:00,LINK,0.1825708140979318,0.1158729375523455
2026-01-02 11:30:00+00:00,LTC,-0.1161146232774655,-0.1322712232277369
2026-01-02 11:30:00+00:00,SOL,-0.0631467580608909,-0.0768172000114089
2026-01-02 11:30:00+00:00,SUI,0.2810105359301115,0.1797185274072268
2026-01-02 11:30:00+00:00,TRX,-0.1564245529715892,-0.1188006341695478
2026-01-02 11:30:00+00:00,XLM,-0.3360624671176336,-0.3611791892884178
2026-01-02 11:30:00+00:00,XMR,-0.6123155506160634,-0.5826244071019491
2026-01-02 11:30:00+00:00,XRP,-0.1113954967674905,-0.0976523155620636
2026-01-02 11:30:00+00:00,ZEC,-0.4566897066762199,-0.4541449037624344
2026-01-02 18:15:00+00:00,ADA,0.4683702116667222,0.3136187553660759
2026-01-02 18:15:00+00:00,AVAX,0.5429861510481279,0.4619279502714913
2026-01-02 18:15:00+00:00,BCH,0.0508516754429094,0.1936707067644633
2026-01-02 18:15:00+00:00,BNB,-0.2114181356875738,-0.1892066851430945
2026-01-02 18:15:00+00:00,BTC,-0.3821281828541163,-0.3890761369545513
2026-01-02 18:15:00+00:00,CC,-0.9686747148598034,-1.519678337415009
2026-01-02 18:15:00+00:00,DOGE,1.0066377857468127,1.0159307535085464
2026-01-02 18:15:00+00:00,ETH,-0.2529850086763892,-0.3174876689865202
2026-01-02 18:15:00+00:00,FIGR_HELOC,-0.2573808268955672,-0.151921003999287
2026-01-02 18:15:00+00:00,HBAR,0.3592798587625174,0.1672380745640848
2026-01-02 18:15:00+00:00,HYPE,-0.7780393692668414,-0.7124357499927072
2026-01-02 18:15:00+00:00,LINK,0.1908303024310369,0.137875168824854
2026-01-02 18:15:00+00:00,LTC,-0.0778389914158435,0.002611733021246
2026-01-02 18:15:00+00:00,SOL,0.1973611999299995,0.2315388468189249
2026-01-02 18:15:00+00:00,SUI,0.7962065352892447,0.7911689017466628
2026-01-02 18:15:00+00:00,TRX,-0.224879835793885,-0.097647451364085
2026-01-02 18:15:00+00:00,XLM,0.0829327998753151,0.1471898765615085
2026-01-02 18:15:00+00:00,XMR,-0.1090245982013644,0.0831687803727162
2026-01-02 18:15:00+00:00,XRP,0.5639405108760721,0.6489784534340695
2026-01-02 18:15:00+00:00,ZEC,-1.05559747393622,-0.8760350739182359
2026-01-03 07:30:00+00:00,ADA,0.3455517858753854,0.1846499445621946
2026-01-03 07:30:00+00:00,AVAX,-0.2290566914567333,-0.3086393682204312
2026-01-03 07:30:00+00:00,BCH,0.9802490811678805,1.1761827252689112
2026-01-03 07:30:00+00:00,BNB,0.0653840362994301,0.2251143841267416
2026-01-03 07:30:00+00:00,BTC,-0.0462604704172454,0.098343553997559
2026-01-03 07:30:00+00:00,CC,0.3001779683722629,0.2109697875412948
2026-01-03 07:30:00+00:00,DOGE,0.4421763579955619,0.2271877048456334
2026-01-03 07:30:00+00:00,ETH,0.1764682217199718,0.2746343249012749
2026-01-03 07:30:00+00:00,FIGR_HELOC,-0.0950329271263077,0.0024156912779429
2026-01-03 07:30:00+00:00,HBAR,-0.6752771709846294,-0.7710962022763762
2026-01-03 07:30:00+00:00,HYPE,-1.154755552128952,-1.248213567263646
2026-01-03 07:30:00+00:00,LINK,-0.1572858700737096,-0.1135863220561334
2026-01-03 07:30:00+00:00,LTC,0.0304155607874808,0.054700420904581
2026-01-03 07:30:00+00:00,SOL,-0.1677477796916248,-0.1644115448508794
2026-01-03 07:30:00+00:00,SUI,0.2991668129602153,0.0250380565857634
2026-01-03 07:30:00+00:00,TRX,0.1103058573931799,0.2580153397463611
2026-01-03 07:30:00+00:00,XLM,-0.011581896266643,-0.0936203368599326
2026-01-03 07:30:00+00:00,XMR,0.4333475442566414,0.695765079851559
2026-01-03 07:30:00+00:00,XRP,0.279032744976367,0.1999479196000377
2026-01-03 07:30:00+00:00,ZEC,-0.983493085396312,-0.991613063420236
2026-01-03 08:30:00+00:00,ADA,0.5924283881573071,0.5074292515375681
2026-01-03 08:30:00+00:00,AVAX,0.0279172470749257,0.0032959293853837
2026-01-03 08:30:00+00:00,BCH,0.1389933727577354,0.0769610330495795
2026-01-03 08:30:00+00:00,BNB,-0.5385339584809465,-0.5324155544261419
2026-01-03 08:30:00+00:00,BTC,-0.5355063219511741,-0.5328809692875522
2026-01-03 08:30:00+00:00,CC,2.575797460518766,2.7585413254288813
2026-01-03 08:30:00+00:00,DOGE,0.9345362330910983,0.8287925029537988
2026-01-03 08:30:00+00:00,ETH,-0.3011602377487906,-0.3269816015390222
2026-01-03 08:30:00+00:00,FIGR_HELOC,-0.948442041928301,-0.6275475994342534
2026-01-03 08:30:00+00:00,HBAR,-0.2606007688927131,-0.2598622255514425
2026-01-03 08:30:00+00:00,HYPE,-0.8556424940393905,-0.8384649263585623
2026-01-03 08:30:00+00:00,LINK,-0.4290567530056469,-0.4485633020599193
2026-01-03 08:30:00+00:00,LTC,-0.3411626601966108,-0.3842914649324161
2026-01-03 08:30:00+00:00,SOL,-0.281502571526597,-0.2917632280099067
2026-01-03 08:30:00+00:00,SUI,0.8011058224293778,0.6497248313897943
2026-01-03 08:30:00+00:00,TRX,-0.6196035607827283,-0.6276662311565442
2026-01-03 08:30:00+00:00,XLM,-0.0037376951852663,-0.0808140473167664
2026-01-03 08:30:00+00:00,XMR,-0.4416020227264197,-0.4269546095822392
2026-01-03 08:30:00+00:00,XRP,0.3238288053195947,0.2383758959373595
2026-01-03 08:30:00+00:00,ZEC,0.1037397169344044,0.2568809497910263
2026-01-03 09:30:00+00:00,ADA,1.009827424953593,1.0051686772930732
2026-01-03 09:30:00+00:00,AVAX,0.5675018897344143,0.6439414347232154
2026-01-03 09:30:00+00:00,BCH,0.692718902057218,0.730217655590895
2026-01-03 09:30:00+00:00,BNB,-0.2452605425948821,-0.2016104934509925
2026-01-03 09:30:00+00:00,BTC,-0.2349389958702241,-0.1680265048468011
2026-01-03 09:30:00+00:00,CC,0.0474313901368739,-0.3429477008569106
2026-01-03 09:30:00+00:00,DOGE,1.314912684199299,1.2972621622377427
2026-01-03 09:30:00+00:00,ETH,-0.101517388263917,-0.0498380607418703
2026-01-03 09:30:00+00:00,FIGR_HELOC,-0.6308611781434343,-0.2648833647780373
2026-01-03 09:30:00+00:00,HBAR,-0.32946527928012,-0.2918635697308854
2026-01-03 09:30:00+00:00,HYPE,-1.211723614413937,-1.2461004489486698
2026-01-03 09:30:00+00:00,LINK,-0.1841452429686992,-0.1468412638452725
2026-01-03 09:30:00+00:00,LTC,-0.4230153233019267,-0.502634015560527
2026-01-03 09:30:00+00:00,SOL,-0.0229798825749301,0.0016006541742928
2026-01-03 09:30:00+00:00,SUI,1.2338343023728973,1.1698172747434314
2026-01-03 09:30:00+00:00,TRX,-0.3410896148589342,-0.3396892410934961
2026-01-03 09:30:00+00:00,XLM,0.5200421535212314,0.6167579724146645
2026-01-03 09:30:00+00:00,XMR,-1.041226147201127,-1.090292355678089
2026-01-03 09:30:00+00:00,XRP,0.7834202277580812,0.8046974160887702
2026-01-03 09:30:00+00:00,ZEC,-1.4616407362057695,-1.6829111986788283
2026-01-03 15:00:00+00:00,ADA,-0.201505596025419,-0.337806128496097
2026-01-03 15:00:00+00:00,AVAX,-0.078274772466682,-0.3017650287420776
2026-01-03 15:00:00+00:00,BCH,0.9502258766211183,0.9320108096153013
2026-01-03 15:00:00+00:00,BNB,-0.7436689718935834,-0.7994268835515923
2026-01-03 15:00:00+00:00,BTC,-0.1239434035064228,-0.0594969233557332
2026-01-03 15:00:00+00:00,CC,0.4995969171156667,0.4778461623305231
2026-01-03 15:00:00+00:00,DOGE,0.4979357515739345,0.3210124252244846
2026-01-03 15:00:00+00:00,ETH,-0.1529474858392008,-0.1389821104895134
2026-01-03 15:00:00+00:00,FIGR_HELOC,-0.4756407585475039,-0.1652795411993325
2026-01-03 15:00:00+00:00,HBAR,-0.2775917866256046,-0.1494739441972114
2026-01-03 15:00:00+00:00,HYPE,0.1353358616818654,0.3508981588252556
2026-01-03 15:00:00+00:00,LINK,-0.5912065504474061,-0.6062940442029362
2026-01-03 15:00:00+00:00,LTC,-0.9138598880692692,-1.066301091728301
2026-01-03 15:00:00+00:00,SOL,0.5065956947288532,0.6191495603484022
2026-01-03 15:00:00+00:00,SUI,1.4519567420795845,1.3935925946303558
2026-01-03 15:00:00+00:00,TRX,0.0341691028146708,0.1100103720113255
2026-01-03 15:00:00+00:00,XLM,0.0405432376945826,0.0780252432600129
2026-01-03 15:00:00+00:00,XMR,-1.2652272466183614,-1.4325998235618018
2026-01-03 15:00:00+00:00,XRP,0.4764625299800271,0.4819182849537538
2026-01-03 15:00:00+00:00,ZEC,0.1729803833582872,0.2348975459343195
2026-01-03 20:30:00+00:00,ADA,-0.3536698559315801,-0.3764681020513296
2026-01-03 20:30:00+00:00,AVAX,0.1439913481432171,0.1121519538823983
2026-01-03 20:30:00+00:00,BCH,1.7240736533292975,1.8763119419081744
2026-01-03 20:30:00+00:00,BNB,-0.3690104950467665,-0.3042650805866035
2026-01-03 20:30:00+00:00,BTC,-0.1151296498178383,-0.0281565119527741
2026-01-03 20:30:00+00:00,CC,2.772005783569468,2.709296866284172
2026-01-03 20:30:00+00:00,DOGE,0.1601717440983516,0.1167669090907463
2026-01-03 20:30:00+00:00,ETH,-0.2235878498481086,-0.1665768463213476
2026-01-03 20:30:00+00:00,FIGR_HELOC,-0.7402230388566922,-0.6544104866557351
2026-01-03 20:30:00+00:00,HBAR,-0.3922030271537983,-0.3175817059379207
2026-01-03 20:30:00+00:00,HYPE,-1.2732259125932246,-1.3937803878532415
2026-01-03 20:30:00+00:00,LINK,-0.3700080552190646,-0.3223264667439644
2026-01-03 20:30:00+00:00,LTC,-0.20122227659831,-0.1907560663410452
2026-01-03 20:30:00+00:00,SOL,-0.277993001103112,-0.2538077648686135
2026-01-03 20:30:00+00:00,SUI,-0.0670392434951279,-0.2459470430008633
2026-01-03 20:30:00+00:00,TRX,0.2241230509861607,0.2605575644169689
2026-01-03 20:30:00+00:00,XLM,-0.1926884688645437,-0.199543199769458
2026-01-03 20:30:00+00:00,XMR,-0.268791834013211,-0.3180714201013177
2026-01-03 20:30:00+00:00,XRP,-0.034635153202888,-0.0230522762218446
2026-01-03 20:30:00+00:00,ZEC,-0.2025216266739286,-0.3379257854681003
2026-01-03 20:45:00+00:00,ADA,-0.3012499577317975,-0.3247919392337387
2026-01-03 20:45:00+00:00,AVAX,0.2665472824300485,0.2799406370315007
2026-01-03 20:45:00+00:00,BCH,2.704614946958757,2.956741854675028
2026-01-03 20:45:00+00:00,BNB,-0.5129871552294577,-0.4674799906105869
2026-01-03 20:45:00+00:00,BTC,-0.2224256152566157,-0.1492069154809367
2026-01-03 20:45:00+00:00,CC,1.2789118225725806,0.9759592438362732
2026-01-03 20:45:00+00:00,DOGE,0.3525812409586798,0.3094569618825271
2026-01-03 20:45:00+00:00,ETH,-0.342432770749737,-0.2993693609995853
2026-01-03 20:45:00+00:00,FIGR_HELOC,-0.9445218446805486,-0.8753055916902795
2026-01-03 20:45:00+00:00,HBAR,-0.2750144433429145,-0.1938679937125507
2026-01-03 20:45:00+00:00,HYPE,-0.5142928127265214,-0.536059041430262
2026-01-03 20:45:00+00:00,LINK,-0.3893256501535591,-0.3543638419266331
2026-01-03 20:45:00+00:00,LTC,-0.1539549757817008,-0.1454567750818391
2026-01-03 20:45:00+00:00,SOL,-0.3282411531695038,-0.3037812574193188
2026-01-03 20:45:00+00:00,SUI,0.1250363239561847,0.0198468842438718
2026-01-03 20:45:00+00:00,TRX,-0.0203455627673917,-0.0129068262173449
2026-01-03 20:45:00+00:00,XLM,-0.0750892421283958,-0.0513191942258075
2026-01-03 20:45:00+00:00,XMR,-0.3566219621893468,-0.4260941825664779
2026-01-03 20:45:00+00:00,XRP,-0.0749440808875672,-0.0573300887567932
2026-01-03 20:45:00+00:00,ZEC,-0.273844751814823,-0.4022129440506755
2026-01-03 23:30:00+00:00,ADA,-0.6622241559129441,-0.5909207698211563
2026-01-03 23:30:00+00:00,AVAX,0.2470398189838047,0.2496583225640659
2026-01-03 23:30:00+00:00,BCH,0.5896364389191247,0.3621426291784609
2026-01-03 23:30:00+00:00,BNB,-0.6441913051482206,-0.640861332640502
2026-01-03 23:30:00+00:00,BTC,-0.3533600608623714,-0.3889345398498951
2026-01-03 23:30:00+00:00,CC,3.080192413724043,3.1923927075780663
2026-01-03 23:30:00+00:00,DOGE,0.0974699383125045,0.0497429222422006
2026-01-03 23:30:00+00:00,ETH,-0.2491176086453872,-0.2310953942237929
2026-01-03 23:30:00+00:00,FIGR_HELOC,-0.8690225158953201,-0.8349689246195343
2026-01-03 23:30:00+00:00,HBAR,-0.192470239121009,-0.0781731077791023
2026-01-03 23:30:00+00:00,HYPE,-0.1376340565810931,-0.2062753283220298
2026-01-03 23:30:00+00:00,LINK,-0.4194399828100106,-0.4018361510985834
2026-01-03 23:30:00+00:00,LTC,-0.5846932877560702,-0.6319754607312903
2026-01-03 23:30:00+00:00,SOL,0.0319233308734417,0.1220569693336005
2026-01-03 23:30:00+00:00,SUI,0.6407935547055241,0.6098334808580433
2026-01-03 23:30:00+00:00,TRX,-0.0333387597668797,-0.0638540194269372
2026-01-03 23:30:00+00:00,XLM,-0.1342590736682366,-0.090694660379807
2026-01-03 23:30:00+00:00,XMR,-0.3444072711818778,-0.3500496583899373
2026-01-03 23:30:00+00:00,XRP,-0.2371594337073184,-0.2290831057745677
2026-01-03 23:30:00+00:00,ZEC,0.1162189876436911,0.0948521534080925
2026-01-04 04:15:00+00:00,ADA,0.2142028010622147,0.3056835064141656
2026-01-04 04:15:00+00:00,AVAX,-0.651017503855086,-0.6315578091783323
2026-01-04 04:15:00+00:00,BCH,0.2978602779741464,0.2268095093234118
2026-01-04 04:15:00+00:00,BNB,-0.3807002726874103,-0.3520921885658673
2026-01-04 04:15:00+00:00,BTC,-0.2595483509598432,-0.2821085436613005
2026-01-04 04:15:00+00:00,CC,0.3296546262643688,-0.1214481228527611
2026-01-04 04:15:00+00:00,DOGE,2.796031209934122,2.868159119110976
2026-01-04 04:15:00+00:00,ETH,-0.2847669759148303,-0.292645002714116
2026-01-04 04:15:00+00:00,FIGR_HELOC,-1.1198868126980128,-1.0349879584493809
2026-01-04 04:15:00+00:00,HBAR,0.0975439818367849,0.262116949109232
2026-01-04 04:15:00+00:00,HYPE,0.0665651046556952,0.0915741001608035
2026-01-04 04:15:00+00:00,LINK,-0.386769606882623,-0.4273606530628155
2026-01-04 04:15:00+00:00,LTC,-0.4993128819014188,-0.4603201350908161
2026-01-04 04:15:00+00:00,SOL,0.0370411570626004,0.0477540050049199
2026-01-04 04:15:00+00:00,SUI,0.2317683489254849,0.1608061018620005
2026-01-04 04:15:00+00:00,TRX,-0.2512477264263892,-0.3248739269701546
2026-01-04 04:15:00+00:00,XLM,-0.4552947839117375,-0.453289281506376
2026-01-04 04:15:00+00:00,XMR,-0.551276530173426,-0.4884797753332801
2026-01-04 04:15:00+00:00,XRP,0.4529415906616706,0.5980750548310697
2026-01-04 04:15:00+00:00,ZEC,0.2581865313218675,0.250159235856799
2026-01-04 14:45:00+00:00,ADA,-0.1621130331695667,-0.2190274854061962
2026-01-04 14:45:00+00:00,AVAX,-0.1834498923272748,-0.2121853471095057
2026-01-04 14:45:00+00:00,BCH,-0.4905967528253513,-0.4580608645803452
2026-01-04 14:45:00+00:00,BNB,-0.2976472763976694,-0.3028366142541185
2026-01-04 14:45:00+00:00,BTC,-0.0418797741893112,0.0021165338754815
2026-01-04 14:45:00+00:00,CC,-1.6644900008418366,-1.8748823819872524
2026-01-04 14:45:00+00:00,DOGE,0.7179031960231044,0.4262043463938916
2026-01-04 14:45:00+00:00,ETH,-0.0383232216538006,-0.0205451877166091
2026-01-04 14:45:00+00:00,FIGR_HELOC,-0.55452451832375,-0.4646797667623414
2026-01-04 14:45:00+00:00,HBAR,0.6307275644791891,0.6130754342527731
2026-01-04 14:45:00+00:00,HYPE,1.3472676605185585,1.6700428032762091
2026-01-04 14:45:00+00:00,LINK,-0.0300997264709075,-0.0651602263648287
2026-01-04 14:45:00+00:00,LTC,-0.0036708029905741,0.0858936834266007
2026-01-04 14:45:00+00:00,SOL,0.4198600130967476,0.4733102087233245
2026-01-04 14:45:00+00:00,SUI,0.251628833159305,0.2004655674107559
2026-01-04 14:45:00+00:00,TRX,-0.2686011215266395,-0.255155102249451
2026-01-04 14:45:00+00:00,XLM,0.3144976503471078,0.1706001887743659
2026-01-04 14:45:00+00:00,XMR,-0.1866529071763816,-0.1107613910012992
2026-01-04 14:45:00+00:00,XRP,0.2779668626983874,0.1434339856904982
2026-01-04 14:45:00+00:00,ZEC,-0.0959752815021924,0.1399790865351883
2026-01-04 17:30:00+00:00,ADA,0.0834274637638815,0.0687783552939392
2026-01-04 17:30:00+00:00,AVAX,-0.2944637505582986,-0.3698872279502169
2026-01-04 17:30:00+00:00,BCH,-0.3949427015589175,-0.3311161601303344
2026-01-04 17:30:00+00:00,BNB,0.2648550908029378,0.3616618658938422
2026-01-04 17:30:00+00:00,BTC,-0.3634073429361636,-0.3610207202935928
2026-01-04 17:30:00+00:00,CC,-0.612132659523402,-0.6007974792369506
2026-01-04 17:30:00+00:00,DOGE,1.086005835622188,0.9966983649600414
2026-01-04 17:30:00+00:00,ETH,-0.3176970534493847,-0.3105376304198262
2026-01-04 17:30:00+00:00,FIGR_HELOC,-0.7265219257827317,-0.6520152190341953
2026-01-04 17:30:00+00:00,HYPE,-0.0344029644654896,-0.0787288403889658
2026-01-04 17:30:00+00:00,LINK,-0.0719522481548504,-0.0883066777491718
2026-01-04 17:30:00+00:00,LTC,-0.54763834333398,-0.5483322429974173
2026-01-04 17:30:00+00:00,SHIB,3.297829218171949,3.404174423775882
2026-01-04 17:30:00+00:00,SOL,-0.1759577982801942,-0.2188577793507006
2026-01-04 17:30:00+00:00,SUI,0.6164794646220088,0.5946381136100455
2026-01-04 17:30:00+00:00,TRX,-0.5305001180024465,-0.5249162801287705
2026-01-04 17:30:00+00:00,XLM,0.160596899546643,0.0791749545878546
2026-01-04 17:30:00+00:00,XMR,-1.1253556367485074,-1.1493459095441756
2026-01-04 17:30:00+00:00,XRP,0.3429405567517077,0.2938664096073698
2026-01-04 17:30:00+00:00,ZEC,-0.7154519016441827,-0.6234202356618902
2026-01-04 22:45:00+00:00,ADA,0.3197512317094707,0.3357151526140651
2026-01-04 22:45:00+00:00,AVAX,-0.1647798758329648,-0.3688947365437128
2026-01-04 22:45:00+00:00,BCH,-0.4010041633375312,-0.2264757818009029
2026-01-04 22:45:00+00:00,BNB,-0.3696447991596751,-0.418400460548319
2026-01-04 22:45:00+00:00,BTC,-0.146353543319183,-0.0733195057020459
2026-01-04 22:45:00+00:00,CC,-0.6564887243215877,-0.6082934536044489
2026-01-04 22:45:00+00:00,DOGE,0.7146064678997011,0.5839515626310989
2026-01-04 22:45:00+00:00,ETH,-0.1501641475396271,-0.1239641002968848
2026-01-04 22:45:00+00:00,FIGR_HELOC,-0.3307932150772528,-0.3113837421850728
2026-01-04 22:45:00+00:00,HYPE,-0.7251647861151876,-0.9740789520208912
2026-01-04 22:45:00+00:00,LINK,0.2680217601431886,0.3488314843846552
2026-01-04 22:45:00+00:00,LTC,-0.0038507783012428,0.115412867569929
2026-01-04 22:45:00+00:00,SHIB,2.740070466574927,2.753116638092342
2026-01-04 22:45:00+00:00,SOL,0.1255891006448076,0.2099747305774906
2026-01-04 22:45:00+00:00,SUI,0.6113205041978854,0.5786275378740998
2026-01-04 22:45:00+00:00,TRX,-0.1862754995159217,-0.1570890227330766
2026-01-04 22:45:00+00:00,XLM,0.5622562380720972,0.5144109821704896
2026-01-04 22:45:00+00:00,XMR,-0.8634042485317904,-0.6835004269664098
2026-01-04 22:45:00+00:00,XRP,-0.2314877835825265,-0.4071030219052592
2026-01-04 22:45:00+00:00,ZEC,-1.1703958890466877,-1.1457294360462469
2026-01-04 23:00:00+00:00,ADA,0.5930399234608837,0.5859997484127142
2026-01-04 23:00:00+00:00,AVAX,-0.6430116765336409,-0.8825737491344249
2026-01-04 23:00:00+00:00,BCH,-0.5017658023283904,-0.2876380897152576
2026-01-04 23:00:00+00:00,BNB,-0.0206652857303043,-0.0967310967997266
2026-01-04 23:00:00+00:00,BTC,0.0884629767140831,0.1192493623146281
2026-01-04 23:00:00+00:00,CC,-0.496880215553423,-0.4792330485099355
2026-01-04 23:00:00+00:00,DOGE,0.61019837136478,0.6143147650021348
2026-01-04 23:00:00+00:00,ETH,-0.2116563972862796,-0.0778940163657059
2026-01-04 23:00:00+00:00,FIGR_HELOC,-0.4860092072569907,-0.1073373598163729
2026-01-04 23:00:00+00:00,HYPE,-0.0838319563013962,-0.2051412519708158
2026-01-04 23:00:00+00:00,LINK,0.0591631005742411,-0.0431492761438237
2026-01-04 23:00:00+00:00,LTC,0.1333201502640258,0.1805783547679513
2026-01-04 23:00:00+00:00,SHIB,2.7383206926077275,2.7556042773081995
2026-01-04 23:00:00+00:00,SOL,0.1386739726136153,0.0975375754354255
2026-01-04 23:00:00+00:00,SUI,-0.199310320966083,-0.5947737778360385
2026-01-04 23:00:00+00:00,TRX,-0.4217130851320205,-0.2388997569619105
2026-01-04 23:00:00+00:00,XLM,0.3127809227868409,0.4049620631249402
2026-01-04 23:00:00+00:00,XMR,-0.6738144802829578,-0.577783216511025
2026-01-04 23:00:00+00:00,XRP,0.218208543664744,-0.0073423447672787
2026-01-04 23:00:00+00:00,ZEC,-1.211425461086742,-1.217664396240965
2026-01-04 23:30:00+00:00,ADA,0.2537329166092233,0.2132312371795702
2026-01-04 23:30:00+00:00,AVAX,0.2732292642060789,0.188605751295411
2026-01-04 23:30:00+00:00,BCH,-0.8770079437166352,-0.8691654127889976
2026-01-04 23:30:00+00:00,BNB,0.0416976687159518,0.1126312780147287
2026-01-04 23:30:00+00:00,BTC,0.0023168909256491,0.0441439657622548
2026-01-04 23:30:00+00:00,CC,-0.97716599741121,-1.0289241518164949
2026-01-04 23:30:00+00:00,DOGE,0.8602132965192347,0.7980300808035453
2026-01-04 23:30:00+00:00,ETH,-0.0427996631694946,-0.0372771399477018
2026-01-04 23:30:00+00:00,FIGR_HELOC,-0.3662999234055404,-0.1721103309120653
2026-01-04 23:30:00+00:00,HYPE,0.7423386179465196,0.8425341961457571
2026-01-04 23:30:00+00:00,LINK,-0.2556670729754614,-0.3372726336831168
2026-01-04 23:30:00+00:00,LTC,-0.0755320953268267,-0.027619228686907
2026-01-04 23:30:00+00:00,SHIB,2.644300976807016,2.630505096457841
2026-01-04 23:30:00+00:00,SOL,-0.1019069908071273,-0.1185505069389931
2026-01-04 23:30:00+00:00,SUI,-0.9731150669395894,-1.348844476717265
2026-01-04 23:30:00+00:00,TRX,-0.3872967780247464,-0.3106264657106048
2026-01-04 23:30:00+00:00,XLM,0.3761184688176116,0.3458448576565371
2026-01-04 23:30:00+00:00,XMR,-0.846616602242232,-0.6654259403051586
2026-01-04 23:30:00+00:00,XRP,0.3916532192724504,0.3120613823447912
2026-01-04 23:30:00+00:00,ZEC,-0.739975938090582,-0.629554310442843
2026-01-05 06:15:00+00:00,ADA,0.1077383058976736,0.1538462980983294
2026-01-05 06:15:00+00:00,AVAX,0.236984434074498,0.2353771327177498
2026-01-05 06:15:00+00:00,BCH,1.89338849693202,2.2183821765510494
2026-01-05 06:15:00+00:00,BNB,0.3238430435856682,0.4267225239958504
2026-01-05 06:15:00+00:00,BTC,0.1304784094642264,0.0972605103058277
2026-01-05 06:15:00+00:00,CC,-1.966195510631231,-2.0004780698554474
2026-01-05 06:15:00+00:00,DOGE,0.4877622899478694,0.466743679993761
2026-01-05 06:15:00+00:00,ETH,-0.1445715796969772,-0.128328141528414
2026-01-05 06:15:00+00:00,FIGR_HELOC,0.138980177867006,-0.0657618398614054
2026-01-05 06:15:00+00:00,HBAR,0.1515981220875693,0.0674283138653025
2026-01-05 06:15:00+00:00,HYPE,0.3696843072477838,0.251556910052321
2026-01-05 06:15:00+00:00,LINK,-0.2255433390243443,-0.2983196113435002
2026-01-05 06:15:00+00:00,LTC,-0.2000430527531088,-0.1225921897629244
2026-01-05 06:15:00+00:00,SOL,0.2233167711673086,0.1762590688943398
2026-01-05 06:15:00+00:00,SUI,-0.5103400555788333,-0.6420162370084554
2026-01-05 06:15:00+00:00,TRX,0.1165344367400756,0.1118336886364198
2026-01-05 06:15:00+00:00,XLM,0.0664590868593061,0.1250284663489078
2026-01-05 06:15:00+00:00,XMR,-1.1871523580170384,-1.1107116027345116
2026-01-05 06:15:00+00:00,XRP,0.4443424127267678,0.329859394699545
2026-01-05 06:15:00+00:00,ZEC,-0.5155929677767126,-0.3504190409452173
2026-01-05 07:45:00+00:00,ADA,0.1910147052845097,0.236570289972464
2026-01-05 07:45:00+00:00,AVAX,0.5878675850878277,0.6148402919655035
2026-01-05 07:45:00+00:00,BCH,-0.0888507361870413,-0.3537462666001673
2026-01-05 07:45:00+00:00,BNB,0.0051289771429014,-0.112266024323816
2026-01-05 07:45:00+00:00,BTC,-0.1861782179085244,-0.2416070282992836
2026-01-05 07:45:00+00:00,CC,0.4023747892962481,0.7689467716647517
2026-01-05 07:45:00+00:00,DOGE,-0.2576865695421254,-0.4342615882454627
2026-01-05 07:45:00+00:00,ETH,-0.2269029747454333,-0.3079897385352912
2026-01-05 07:45:00+00:00,FIGR_HELOC,-0.6055450654541198,-0.3992514618821653
2026-01-05 07:45:00+00:00,HBAR,0.8221361473568152,0.8168522371400139
2026-01-05 07:45:00+00:00,HYPE,0.337713293905254,0.1760594644383398
2026-01-05 07:45:00+00:00,LINK,0.3996772041419426,0.4478909413491245
2026-01-05 07:45:00+00:00,LTC,0.0554216665550952,0.1189725531330218
2026-01-05 07:45:00+00:00,SOL,-0.1567716677600918,-0.2800938739802357
2026-01-05 07:45:00+00:00,SUI,0.2924452987389981,0.3475255401598077
2026-01-05 07:45:00+00:00,TRX,-0.3039521865466769,-0.3629360350987253
2026-01-05 07:45:00+00:00,XLM,0.2422832909097392,0.2521901465848264
2026-01-05 07:45:00+00:00,XMR,-1.15150723193723,-1.0442146924632514
2026-01-05 07:45:00+00:00,XRP,0.7699609849593974,0.7129860230890241
2026-01-05 07:45:00+00:00,ZEC,-1.1869789449917925,-1.0148172017627854
2026-01-05 08:15:00+00:00,ADA,0.5129637900953339,0.5381960615682122
2026-01-05 08:15:00+00:00,AVAX,0.4830337613301729,0.4557772205645964
2026-01-05 08:15:00+00:00,BCH,0.1516519487628146,0.0156408272481861
2026-01-05 08:15:00+00:00,BNB,-0.0143133024720419,-0.0548189774132332
2026-01-05 08:15:00+00:00,BTC,-0.0802736648301448,-0.113714513838478
2026-01-05 08:15:00+00:00,CC,-2.165507950969218,-2.3814399287549617
2026-01-05 08:15:00+00:00,DOGE,-0.16515294397725,-0.3366314588172322
2026-01-05 08:15:00+00:00,ETH,-0.0879596388646275,-0.1150089613980205
2026-01-05 08:15:00+00:00,FIGR_HELOC,-0.4900723051198569,-0.2710422235452499
2026-01-05 08:15:00+00:00,HBAR,0.8889824378263251,0.9492098596810224
2026-01-05 08:15:00+00:00,HYPE,0.3534991751216703,0.2383258724729999
2026-01-05 08:15:00+00:00,LINK,0.7602713662519792,0.8607090596991818
2026-01-05 08:15:00+00:00,LTC,-0.0813318356858446,-0.0814755473418258
2026-01-05 08:15:00+00:00,SOL,0.2228596859401,0.2069282804237273
2026-01-05 08:15:00+00:00,SUI,0.7796414713468746,0.8754006535066793
2026-01-05 08:15:00+00:00,TRX,-0.5546753155324607,-0.6121121507005032
2026-01-05 08:15:00+00:00,XLM,0.0014966318945156,0.0118366343902863
2026-01-05 08:15:00+00:00,XMR,-1.005070457435112,-0.906751244177462
2026-01-05 08:15:00+00:00,XRP,1.1822865874735489,1.206987803513926
2026-01-05 08:15:00+00:00,ZEC,-0.7506800488030997,-0.5443678747281727
2026-01-05 11:45:00+00:00,ADA,-0.0145728115740182,-0.047294838572466
2026-01-05 11:45:00+00:00,AVAX,0.0254883378881957,-0.1536803452714376
2026-01-05 11:45:00+00:00,BCH,-1.204439264754846,-1.619245693853317
2026-01-05 11:45:00+00:00,BNB,0.7249889754736288,0.5637595873265173
2026-01-05 11:45:00+00:00,BTC,0.4378824757838604,0.3323826345666696
2026-01-05 11:45:00+00:00,CC,-0.3680347621502819,-0.1857888393533855
2026-01-05 11:45:00+00:00,DOGE,0.139735624941879,0.2009425454887345
2026-01-05 11:45:00+00:00,ETH,0.4715576074847107,0.44274392031779
2026-01-05 11:45:00+00:00,FIGR_HELOC,-0.2994247100180133,0.1663362034278306
2026-01-05 11:45:00+00:00,HBAR,-0.2764749822296237,-0.3212802290755852
2026-01-05 11:45:00+00:00,HYPE,0.7961095735266822,0.7538863867256685
2026-01-05 11:45:00+00:00,LINK,0.2910789125631146,0.2512452049661576
2026-01-05 11:45:00+00:00,LTC,-0.1801549325747203,-0.103647985882016
2026-01-05 11:45:00+00:00,SOL,0.128381867358334,0.0467564526648882
2026-01-05 11:45:00+00:00,SUI,0.1036425548161318,0.042901461198701
2026-01-05 11:45:00+00:00,TRX,-0.132412372146528,-0.1144762784815026
2026-01-05 11:45:00+00:00,XLM,-0.4923317155573046,-0.4469804879386032
2026-01-05 11:45:00+00:00,XMR,-0.3323526948854754,-0.1847166458898446
2026-01-05 11:45:00+00:00,XRP,0.233831959687178,0.07165800555503
2026-01-05 11:45:00+00:00,ZEC,-0.1109233857262075,0.2460751999868683
2026-01-05 16:45:00+00:00,ADA,0.3969336697475758,0.3314843186922545
2026-01-05 16:45:00+00:00,AVAX,-0.4841298476761155,-0.5144654116522331
2026-01-05 16:45:00+00:00,BCH,-0.2983880649688991,-0.3441230344925307
2026-01-05 16:45:00+00:00,BNB,-0.1375649280418681,-0.1828482387025924
2026-01-05 16:45:00+00:00,BTC,0.1973761038084348,0.1224538236767484
2026-01-05 16:45:00+00:00,CC,0.5870090679777917,0.6519210558618564
2026-01-05 16:45:00+00:00,DOGE,0.1085531026020789,0.0870335062019957
2026-01-05 16:45:00+00:00,ETH,-0.0196776644184121,-0.087854453022679
2026-01-05 16:45:00+00:00,FIGR_HELOC,-0.4834368529746847,-0.1801907071102354
2026-01-05 16:45:00+00:00,HYPE,-0.3077246111700125,-0.3073542116788281
2026-01-05 16:45:00+00:00,LINK,-0.0379457585094483,-0.0765594913880179
2026-01-05 16:45:00+00:00,LTC,-0.453661404498109,-0.4801434950444933
2026-01-05 16:45:00+00:00,SHIB,3.275107674821536,3.3894440798060663
2026-01-05 16:45:00+00:00,SOL,-0.3356707932589968,-0.3737453482445513
2026-01-05 16:45:00+00:00,SUI,-0.0068782193206516,-0.0791894456410618
2026-01-05 16:45:00+00:00,TRX,-0.4613386117955041,-0.4442552459591976
2026-01-05 16:45:00+00:00,XLM,-0.1321238156646531,-0.1689691829724662
2026-01-05 16:45:00+00:00,XMR,-0.9116081325415372,-0.8355435487511618
2026-01-05 16:45:00+00:00,XRP,0.9229996676051712,0.8040645685133302
2026-01-05 16:45:00+00:00,ZEC,-1.4763962356488556,-1.3697251920173614
2026-01-05 21:00:00+00:00,ADA,0.0355936231015478,-0.1534526361852553
2026-01-05 21:00:00+00:00,AVAX,0.0238891026511354,0.112384958965307
2026-01-05 21:00:00+00:00,BCH,-0.648740542406924,-0.68028535260792
2026-01-05 21:00:00+00:00,BNB,-0.3261039648395246,-0.3313066538947938
2026-01-05 21:00:00+00:00,BTC,-0.1764742602202955,-0.1834818529488024
2026-01-05 21:00:00+00:00,DOGE,-0.4425025162692401,-0.6153401801957954
2026-01-05 21:00:00+00:00,ETH,0.2253012661077619,0.2457522824885374
2026-01-05 21:00:00+00:00,FIGR_HELOC,-0.3733139351103113,-0.0729476808519534
2026-01-05 21:00:00+00:00,HBAR,0.1995450335131575,0.1865934476696226
2026-01-05 21:00:00+00:00,HYPE,-1.1050029127034164,-1.2403480258389767
2026-01-05 21:00:00+00:00,LINK,0.9393859997056526,1.1115198200442078
2026-01-05 21:00:00+00:00,LTC,-0.2620293890682056,-0.2780800465479148
2026-01-05 21:00:00+00:00,SHIB,-0.5075608947875858,-0.7347228546104533
2026-01-05 21:00:00+00:00,SOL,-0.4150101880230149,-0.4873522360904013
2026-01-05 21:00:00+00:00,SUI,2.0388311895487,2.010105241782217
2026-01-05 21:00:00+00:00,TRX,-0.446493174224039,-0.308244135282939
2026-01-05 21:00:00+00:00,XLM,0.4055571379399733,0.367944257217952
2026-01-05 21:00:00+00:00,XMR,0.0603478899373826,0.2004888589617187
2026-01-05 21:00:00+00:00,XRP,1.7901462365560747,1.6722401356144627
2026-01-05 21:00:00+00:00,ZEC,-1.0736402941030996,-0.8797419403830922
2026-01-05 22:30:00+00:00,ADA,0.5855748227673219,0.5588170422778703
2026-01-05 22:30:00+00:00,AVAX,0.2023377818586488,0.3362539878889849
2026-01-05 22:30:00+00:00,BCH,-0.3990007469282047,-0.3687299874830052
2026-01-05 22:30:00+00:00,BNB,-0.3920430591609302,-0.4634161709986553
2026-01-05 22:30:00+00:00,BTC,-0.3086506971111318,-0.3162109251262315
2026-01-05 22:30:00+00:00,DOGE,0.0350833162071694,0.0037611716365319
2026-01-05 22:30:00+00:00,ETH,-0.3160421710564924,-0.3880546955086003
2026-01-05 22:30:00+00:00,FIGR_HELOC,-0.9163333278412816,-0.759326732930042
2026-01-05 22:30:00+00:00,HBAR,1.1190909029532552,1.2284513265605628
2026-01-05 22:30:00+00:00,HYPE,-1.323664581801409,-1.4633765734787745
2026-01-05 22:30:00+00:00,LINK,0.2799848160915865,0.2100375058956648
2026-01-05 22:30:00+00:00,LTC,-0.4294559437317068,-0.4354367173781371
2026-01-05 22:30:00+00:00,SHIB,1.050358430298876,1.2057624664355588
2026-01-05 22:30:00+00:00,SOL,-0.207979638992905,-0.2417229770619461
2026-01-05 22:30:00+00:00,SUI,1.642523280596277,1.506724892837088
2026-01-05 22:30:00+00:00,TRX,-1.1008442595963264,-1.0971088277695669
2026-01-05 22:30:00+00:00,XLM,0.8410674904300871,0.87605976976046
2026-01-05 22:30:00+00:00,XMR,-0.6103807407660464,-0.6274218754934534
2026-01-05 22:30:00+00:00,XRP,0.9237098122283844,0.6837343480066085
2026-01-05 22:30:00+00:00,ZEC,-0.7335706934660063,-0.507032235091753
2026-01-06 05:00:00+00:00,ADA,0.2835996444341879,0.1814063600939436
2026-01-06 05:00:00+00:00,AVAX,-0.0262918272161101,-0.0056544951631695
2026-01-06 05:00:00+00:00,BCH,-0.619376822761497,-0.546285217938653
2026-01-06 05:00:00+00:00,BNB,-0.4667573483755575,-0.4275376136516602
2026-01-06 05:00:00+00:00,BTC,-0.338448682464834,-0.2756300662274933
2026-01-06 05:00:00+00:00,DOGE,-0.4128672376276641,-0.4965309288614908
2026-01-06 05:00:00+00:00,ETH,-0.2686928220696928,-0.2402386840668725
2026-01-06 05:00:00+00:00,FIGR_HELOC,-0.5145392146752841,-0.419640056639052
2026-01-06 05:00:00+00:00,HBAR,0.1600828893770998,0.1018471029750017
2026-01-06 05:00:00+00:00,HYPE,0.0749167760184802,0.3065687586212128
2026-01-06 05:00:00+00:00,LINK,0.0723969495719448,0.1521970880061627
2026-01-06 05:00:00+00:00,LTC,-0.3972747096663315,-0.385422529746781
2026-01-06 05:00:00+00:00,SHIB,-0.8335498048989831,-1.3134235031199315
2026-01-06 05:00:00+00:00,SOL,-0.209501597757221,-0.1907141804306991
2026-01-06 05:00:00+00:00,SUI,1.8955036546189985,1.731666505982448
2026-01-06 05:00:00+00:00,TRX,-0.7450690650280019,-0.6711014428804438
2026-01-06 05:00:00+00:00,XLM,0.7433541414386955,0.7165361310135723
2026-01-06 05:00:00+00:00,XMR,0.5078926617139575,0.6625976040399552
2026-01-06 05:00:00+00:00,XRP,1.4050298762729103,1.300994877317608
2026-01-06 05:00:00+00:00,ZEC,-0.3679075837374037,-0.2391358321559639
2026-01-06 11:45:00+00:00,ADA,0.3691881545858599,0.3408247184085383
2026-01-06 11:45:00+00:00,AVAX,-0.2520368531010398,-0.3000396236478619
2026-01-06 11:45:00+00:00,BCH,-0.8768275716629532,-0.848848250213574
2026-01-06 11:45:00+00:00,BNB,-0.5833419337161617,-0.5790832773900779
2026-01-06 11:45:00+00:00,BTC,-0.3924802726997415,-0.3801578596243726
2026-01-06 11:45:00+00:00,DOGE,-0.4725807397153888,-0.6255944152862953
2026-01-06 11:45:00+00:00,ETH,-0.277114597533247,-0.2459338058992367
2026-01-06 11:45:00+00:00,FIGR_HELOC,-0.833486069345555,-0.526812450395522
2026-01-06 11:45:00+00:00,HBAR,1.1388504210353498,1.3554448122474505
2026-01-06 11:45:00+00:00,HYPE,0.6734514819775032,1.002840633531707
2026-01-06 11:45:00+00:00,LINK,-0.2057582816600181,-0.2016732605175472
2026-01-06 11:45:00+00:00,LTC,-0.0773403888907581,0.0085710160476846
2026-01-06 11:45:00+00:00,SHIB,0.6794189741955841,0.5268555499124338
2026-01-06 11:45:00+00:00,SOL,0.3402235531682793,0.4419760340049216
2026-01-06 11:45:00+00:00,SUI,1.7902578293014364,1.4837756692671369
2026-01-06 11:45:00+00:00,TRX,-0.8094402097364617,-0.7704406735135036
2026-01-06 11:45:00+00:00,XLM,0.336242509315424,0.2148747992909134
2026-01-06 11:45:00+00:00,XMR,-0.6364168530828358,-0.715736271346356
2026-01-06 11:45:00+00:00,XRP,1.0721362937882657,0.8895169974273212
2026-01-06 11:45:00+00:00,ZEC,-1.0402645706697742,-1.127679466749992
2026-01-06 16:45:00+00:00,ADA,-0.4997266397461974,-0.611810822581404
2026-01-06 16:45:00+00:00,AVAX,0.8722934669312019,0.9144315137830498
2026-01-06 16:45:00+00:00,BCH,-0.0597081209051708,0.2003030347292141
2026-01-06 16:45:00+00:00,BNB,-0.1571695783837422,-0.0648968970731004
2026-01-06 16:45:00+00:00,BTC,-0.2271094600091266,-0.1463673514970758
2026-01-06 16:45:00+00:00,CC,-0.4514812096140107,-0.3966506540677916
2026-01-06 16:45:00+00:00,DOGE,-1.0767317632261728,-1.1744536211933667
2026-01-06 16:45:00+00:00,ETH,0.3847021739727964,0.4088793652801137
2026-01-06 16:45:00+00:00,FIGR_HELOC,0.2918583575974914,0.4943255991209478
2026-01-06 16:45:00+00:00,HBAR,-0.4395193139066251,-0.556491723093997
2026-01-06 16:45:00+00:00,HYPE,0.1319512355611598,0.227972034719747
2026-01-06 16:45:00+00:00,LINK,-0.1618495407232189,-0.1497377108528954
2026-01-06 16:45:00+00:00,LTC,-0.3673664917313319,-0.326050079274131
2026-01-06 16:45:00+00:00,SOL,0.0211234199607944,-0.0511669009149642
2026-01-06 16:45:00+00:00,SUI,0.7488838409265548,0.2373002352472849
2026-01-06 16:45:00+00:00,TRX,0.1313768256631545,0.3020303905552018
2026-01-06 16:45:00+00:00,XLM,-0.2378478965592024,-0.3285146139352606
2026-01-06 16:45:00+00:00,XMR,0.4515066927746993,0.5565135555835433
2026-01-06 16:45:00+00:00,XRP,0.3671639332500142,0.0903308926050816
2026-01-06 16:45:00+00:00,ZEC,0.220752508515218,0.3171561932080887
2026-01-06 18:45:00+00:00,ADA,0.0753878644725269,0.2618686906320233
2026-01-06 18:45:00+00:00,AVAX,0.7745091720797677,0.806979228364651
2026-01-06 18:45:00+00:00,BCH,-0.966045886038652,-1.121031614547314
2026-01-06 18:45:00+00:00,BNB,-0.1375461701726934,-0.1895422794066669
2026-01-06 18:45:00+00:00,BTC,-0.6355334660467225,-0.5488010937602228
2026-01-06 18:45:00+00:00,DOGE,-0.2055336052341888,-0.1882704514401329
2026-01-06 18:45:00+00:00,ETH,0.3054705371762438,0.1734907298637426
2026-01-06 18:45:00+00:00,FIGR_HELOC,-0.3376010734463122,-0.3562001119814644
2026-01-06 18:45:00+00:00,HBAR,0.1791352466613755,0.2952123491026059
2026-01-06 18:45:00+00:00,HYPE,-0.9618204468573937,-1.0733557616255702
2026-01-06 18:45:00+00:00,LINK,-0.2238844567661027,-0.3602264822178348
2026-01-06 18:45:00+00:00,LTC,-0.0796747996925725,0.1366876454350971
2026-01-06 18:45:00+00:00,SHIB,0.5232548981431169,0.8157640241168981
2026-01-06 18:45:00+00:00,SOL,0.1677497011008681,-0.0324547777286242
2026-01-06 18:45:00+00:00,SUI,2.076309910668379,1.9690247023161207
2026-01-06 18:45:00+00:00,TRX,-0.6278928538881026,-0.6833772167286492
2026-01-06 18:45:00+00:00,XLM,-0.1616330181443457,-0.0527312126139367
2026-01-06 18:45:00+00:00,XMR,0.3680838922868023,0.4223373092340573
2026-01-06 18:45:00+00:00,XRP,0.2160636430153402,0.0554802532318978
2026-01-06 18:45:00+00:00,ZEC,-0.4060612862222763,-0.3881161271516214
2026-01-07 08:15:00+00:00,ADA,0.5872050506000148,0.5851607493816302
2026-01-07 08:15:00+00:00,AVAX,0.0742343629033218,-0.0972450166056963
2026-01-07 08:15:00+00:00,BCH,-0.6105099264380893,-0.5903439073487818
2026-01-07 08:15:00+00:00,BNB,-0.1598534432154839,-0.2500017131965136
2026-01-07 08:15:00+00:00,BTC,-0.6145972728055498,-0.6539824732347944
2026-01-07 08:15:00+00:00,DOGE,0.7922804432894007,0.8218438747761575
2026-01-07 08:15:00+00:00,ETH,-0.1753678364457681,-0.3112202966641132
2026-01-07 08:15:00+00:00,FIGR_HELOC,-0.6634539574030411,-0.4225689166851019
2026-01-07 08:15:00+00:00,HBAR,0.4634475119461292,0.5277262307537743
2026-01-07 08:15:00+00:00,HYPE,0.7514150471279047,0.5852350357809426
2026-01-07 08:15:00+00:00,LINK,0.1340780888600176,0.0932190880033828
2026-01-07 08:15:00+00:00,LTC,-0.2686357057964584,-0.3121395566839534
2026-01-07 08:15:00+00:00,SHIB,0.7615558587240303,0.8167962005610612
2026-01-07 08:15:00+00:00,SOL,0.0052141305994388,-0.1038856833432283
2026-01-07 08:15:00+00:00,SUI,1.116712608959283,1.3829186547368797
2026-01-07 08:15:00+00:00,TRX,-0.4670828174304688,-0.5261810413959543
2026-01-07 08:15:00+00:00,XLM,-0.3791517841533228,-0.3662610285849609
2026-01-07 08:15:00+00:00,XMR,0.4166491656044314,0.4540588511305131
2026-01-07 08:15:00+00:00,XRP,-0.7043176779971743,-0.7340483545515928
2026-01-07 08:15:00+00:00,ZEC,-1.1179894193831508,-0.9572482692841848
2026-01-07 10:45:00+00:00,ADA,0.4252851858168247,0.4630142950347325
2026-01-07 10:45:00+00:00,AVAX,0.3430626376388193,0.2577540237806296
2026-01-07 10:45:00+00:00,BCH,0.1809622973334078,0.2659920259008819
2026-01-07 10:45:00+00:00,BNB,-0.1177237114896086,-0.1851443606226515
2026-01-07 10:45:00+00:00,BTC,-0.1506677665415353,-0.1024092116624802
2026-01-07 10:45:00+00:00,DOGE,-0.3227017662131362,-0.5048091097774653
2026-01-07 10:45:00+00:00,ETH,0.5153542561096957,0.6049707701682915
2026-01-07 10:45:00+00:00,FIGR_HELOC,-0.1389812094590952,0.0500308436695706
2026-01-07 10:45:00+00:00,HBAR,-0.3444581635864695,-0.3843909709931356
2026-01-07 10:45:00+00:00,HYPE,1.694926937552527,1.805623495962925
2026-01-07 10:45:00+00:00,LINK,0.3169788544788146,0.3212829512416094
2026-01-07 10:45:00+00:00,LTC,-0.2247925936655694,-0.2761105721932845
2026-01-07 10:45:00+00:00,SHIB,-0.806540894838819,-1.0173971661494745
2026-01-07 10:45:00+00:00,SOL,0.5039295301274286,0.5585126655299217
2026-01-07 10:45:00+00:00,SUI,-0.0346883951549917,-0.2481135382196904
2026-01-07 10:45:00+00:00,TRX,0.1010082081156008,0.0218430543463004
2026-01-07 10:45:00+00:00,XLM,-0.8687063842092574,-0.9110783918994492
2026-01-07 10:45:00+00:00,XMR,-0.4092546765387967,-0.5155030693454914
2026-01-07 10:45:00+00:00,XRP,-0.4269781695832009,-0.3499240114383877
2026-01-07 10:45:00+00:00,ZEC,-0.2943122948916664,0.0875581576676192
2026-01-08 17:45:00+00:00,ADA,0.068110802209761,0.087413663710969
2026-01-08 17:45:00+00:00,AVAX,0.1303068241895028,0.1415536303100937
2026-01-08 17:45:00+00:00,BCH,-0.9199130039377058,-1.2942384780771217
2026-01-08 17:45:00+00:00,BNB,-0.2623102447861849,-0.2522895357079018
2026-01-08 17:45:00+00:00,BTC,0.3776408391114316,0.4564703128931962
2026-01-08 17:45:00+00:00,DOGE,0.2767035750246247,0.3854776048735543
2026-01-08 17:45:00+00:00,ETH,0.0829166282771357,0.1360235902105668
2026-01-08 17:45:00+00:00,FIGR_HELOC,-0.1125386357830589,-0.100430770696714
2026-01-08 17:45:00+00:00,HBAR,-0.2203443579845867,-0.2538659734346217
2026-01-08 17:45:00+00:00,HYPE,-0.1455984295803823,-0.251433733574816
2026-01-08 17:45:00+00:00,LINK,-0.1484114586305021,-0.1554708111687111
2026-01-08 17:45:00+00:00,LTC,-0.0744041995335907,-0.0596325531217079
2026-01-08 17:45:00+00:00,SHIB,-0.2350807350710333,-0.3639937368958857
2026-01-08 17:45:00+00:00,SOL,0.5308200630318028,0.5097063324772326
2026-01-08 17:45:00+00:00,SUI,1.1614998882097152,1.1771246815712495
2026-01-08 17:45:00+00:00,TRX,-0.3921708174326179,-0.3946372919425558
2026-01-08 17:45:00+00:00,XLM,-0.0388272119483701,-0.0630806853306826
2026-01-08 17:45:00+00:00,XMR,1.7267863608157756,1.760207985929427
2026-01-08 17:45:00+00:00,XRP,0.5138742829457446,0.5878978057242931
2026-01-08 17:45:00+00:00,ZEC,-2.3773857252351704,-2.1111275938575704
2026-01-08 21:15:00+00:00,ADA,0.2384785863679208,0.3164281019373142
2026-01-08 21:15:00+00:00,AVAX,0.0850383565615914,0.1890023704701093
2026-01-08 21:15:00+00:00,BCH,-0.0744514158608521,-0.1419235990434181
2026-01-08 21:15:00+00:00,BNB,-0.1077883876473742,-0.1186156607795529
2026-01-08 21:15:00+00:00,BTC,0.0669086995758951,0.0244493796661635
2026-01-08 21:15:00+00:00,DOGE,0.0491305888414999,0.1067985473879671
2026-01-08 21:15:00+00:00,ETH,-0.0624483680759174,-0.0900812014025237
2026-01-08 21:15:00+00:00,FIGR_HELOC,-0.6183038384446125,-0.7755471834918094
2026-01-08 21:15:00+00:00,HBAR,0.119471172220041,0.1969635145673403
2026-01-08 21:15:00+00:00,HYPE,-0.2298470504034402,-0.1401757622574334
2026-01-08 21:15:00+00:00,LINK,0.0860355039698343,0.1476480437324812
2026-01-08 21:15:00+00:00,LTC,-0.0144632597329004,0.0040278804860986
2026-01-08 21:15:00+00:00,SHIB,0.5512430971437154,0.5862078887441404
2026-01-08 21:15:00+00:00,SOL,0.7189685281271999,0.7070528319979877
2026-01-08 21:15:00+00:00,SUI,0.8559604018420701,0.7380730151937209
2026-01-08 21:15:00+00:00,TRX,-0.4380823151914109,-0.5177216729237593
2026-01-08 21:15:00+00:00,XLM,0.2094104723053845,0.2184949978181619
2026-01-08 21:15:00+00:00,XMR,-0.2112595266416506,-0.6595155335554366
2026-01-08 21:15:00+00:00,XRP,-0.1049810489526044,-0.1420890832251368
2026-01-08 21:15:00+00:00,ZEC,-1.177280145174508,-0.7077368244925359
2026-01-08 23:30:00+00:00,ADA,0.4365637724104225,0.5073281359892643
2026-01-08 23:30:00+00:00,AVAX,-0.1654716205272801,-0.1324783300279478
2026-01-08 23:30:00+00:00,BCH,0.577910279716564,0.6569688327106721
2026-01-08 23:30:00+00:00,BNB,0.5377662157586981,0.6828099197336487
2026-01-08 23:30:00+00:00,BTC,0.4905470125224717,0.4936753796259311
2026-01-08 23:30:00+00:00,DOGE,0.133720368533409,0.198652248727982
2026-01-08 23:30:00+00:00,ETH,0.0941738218050725,0.1569920585677835
2026-01-08 23:30:00+00:00,FIGR_HELOC,0.3267594780657329,0.4175667416563408
2026-01-08 23:30:00+00:00,HBAR,-0.0333543819739037,0.0102532168160835
2026-01-08 23:30:00+00:00,HYPE,-0.977965234339272,-1.0506530901976698
2026-01-08 23:30:00+00:00,LINK,-0.0346718596552194,-0.0196614408580771
2026-01-08 23:30:00+00:00,LTC,0.3586889340604852,0.4590112104335345
2026-01-08 23:30:00+00:00,SHIB,0.4188328378513675,0.3403968408425251
2026-01-08 23:30:00+00:00,SOL,-0.2075783713345136,-0.4526171984893204
2026-01-08 23:30:00+00:00,SUI,0.190744161435357,-0.0798784398780349
2026-01-08 23:30:00+00:00,TRX,0.1754869055613973,0.251166892987334
2026-01-08 23:30:00+00:00,XLM,0.0883808922797073,0.0929149478311712
2026-01-08 23:30:00+00:00,XMR,0.768890279135125,0.6715816707315693
2026-01-08 23:30:00+00:00,XRP,-0.1142757138717071,-0.1926515336045682
2026-01-08 23:30:00+00:00,ZEC,-3.12337715127874,-3.069607437443047
2026-01-09 23:45:00+00:00,ADA,-1.0192831274450644,-1.1366118933471625
2026-01-09 23:45:00+00:00,AVAX,-0.121732438847451,-0.1473953397994794
2026-01-09 23:45:00+00:00,BCH,0.7265705187354373,0.6614238002145905
2026-01-09 23:45:00+00:00,BNB,0.880414391282177,0.9245334277540416
2026-01-09 23:45:00+00:00,BTC,0.3319646255817032,0.406072613508088
2026-01-09 23:45:00+00:00,DOGE,-0.2149795365261081,-0.2066596689235393
2026-01-09 23:45:00+00:00,ETH,0.3239850706917705,0.4152369706568395
2026-01-09 23:45:00+00:00,FIGR_HELOC,0.3770086498461758,0.4568560710877923
2026-01-09 23:45:00+00:00,HBAR,0.1501143462431757,0.1316711539448458
2026-01-09 23:45:00+00:00,HYPE,-1.135793635200327,-1.09891871781115
2026-01-09 23:45:00+00:00,LINK,-0.2484569524141849,-0.2048588814150714
2026-01-09 23:45:00+00:00,LTC,0.4192413089924247,0.4332455664523683
2026-01-09 23:45:00+00:00,SHIB,-0.3492403536004625,-0.4626743885254897
2026-01-09 23:45:00+00:00,SOL,-0.3039930340553298,-0.1998605704210513
2026-01-09 23:45:00+00:00,SUI,-0.3025410359105941,-0.6243741709745947
2026-01-09 23:45:00+00:00,TRX,1.5142793043716896,1.5426805067627194
2026-01-09 23:45:00+00:00,XLM,0.2472183288691234,0.3435516550616559
2026-01-09 23:45:00+00:00,XMR,-0.5923445418234671,-0.8795022337107764
2026-01-09 23:45:00+00:00,XRP,-0.1279868084776027,-0.0496386638805197
2026-01-09 23:45:00+00:00,ZEC,-0.612687154393377,-0.3630193107143958
2026-01-10 06:45:00+00:00,ADA,-0.4774890016035091,-0.5344647613030781
2026-01-10 06:45:00+00:00,AVAX,0.0051669743650921,0.0254753387490391
2026-01-10 06:45:00+00:00,BCH,0.2164723920223004,0.1528586770649605
2026-01-10 06:45:00+00:00,BNB,0.2511580093154675,0.1113676647634953
2026-01-10 06:45:00+00:00,BTC,0.0982320262532072,0.0377353407783917
2026-01-10 06:45:00+00:00,DOGE,-0.3172887051926872,-0.3643671855530933
2026-01-10 06:45:00+00:00,ETH,0.1131098533358639,0.0940065853604276
2026-01-10 06:45:00+00:00,FIGR_HELOC,0.1802983283767072,0.1325378504795066
2026-01-10 06:45:00+00:00,HBAR,0.1918762922482628,0.21046055029491
2026-01-10 06:45:00+00:00,HYPE,-0.9584695686397128,-0.9523811148107064
2026-01-10 06:45:00+00:00,LINK,0.085580075583947,0.0727476178369732
2026-01-10 06:45:00+00:00,LTC,0.2601537441714884,0.2936749217530803
2026-01-10 06:45:00+00:00,SHIB,0.4185034866647952,0.4165868729635585
2026-01-10 06:45:00+00:00,SOL,-0.117535129092513,-0.1526974556069149
2026-01-10 06:45:00+00:00,SUI,0.0784349269710594,-0.0593464146459403
2026-01-10 06:45:00+00:00,TRX,0.6280131085737024,0.5613967306338642
2026-01-10 06:45:00+00:00,XLM,-0.3391494891089252,-0.3756230546529037
2026-01-10 06:45:00+00:00,XMR,2.0045642289908043,2.328453139950263
2026-01-10 06:45:00+00:00,XRP,0.0494336163699375,0.0384236561890934
2026-01-10 06:45:00+00:00,ZEC,-2.429349676123376,-2.095129466763016
2026-01-10 16:30:00+00:00,ADA,-0.059886036797097,-0.0175647332753295
2026-01-10 16:30:00+00:00,AVAX,0.270131245098449,0.3601541690497046
2026-01-10 16:30:00+00:00,BCH,0.3091001991183676,0.2662567419308815
2026-01-10 16:30:00+00:00,BNB,0.2370092644173876,0.0845516888071244
2026-01-10 16:30:00+00:00,BTC,0.2556903619476178,0.2490558938955943
2026-01-10 16:30:00+00:00,DOGE,0.045623153771206,0.1193457815965448
2026-01-10 16:30:00+00:00,ETH,0.1001655688684843,0.1254242652816393
2026-01-10 16:30:00+00:00,FIGR_HELOC,0.1745725348895804,0.1538584197968461
2026-01-10 16:30:00+00:00,HBAR,-0.7891145378587877,-0.9154259235761144
2026-01-10 16:30:00+00:00,HYPE,-0.9471545583813464,-0.9205240714499796
2026-01-10 16:30:00+00:00,LINK,0.0239101980575516,0.0202875104214934
2026-01-10 16:30:00+00:00,LTC,-0.022756195374072,-0.1157389076886842
2026-01-10 16:30:00+00:00,SHIB,0.2234186358734345,0.1573263749854682
2026-01-10 16:30:00+00:00,SOL,0.2247802521684336,0.2665837806000727
2026-01-10 16:30:00+00:00,SUI,-0.6502893562460919,-0.9551719069412608
2026-01-10 16:30:00+00:00,TRX,0.3930237706847145,0.3263656561574165
2026-01-10 16:30:00+00:00,XLM,-0.2340031186817567,-0.3008190203546623
2026-01-10 16:30:00+00:00,XMR,1.516348048747422,1.580468726305568
2026-01-10 16:30:00+00:00,XRP,0.1504252043799974,0.1317098262991328
2026-01-10 16:30:00+00:00,ZEC,-1.2790531011803592,-0.6742027383383197
2026-01-10 18:15:00+00:00,ADA,-0.0855867673801397,-0.1008033796602373
2026-01-10 18:15:00+00:00,AVAX,-0.0524655940261507,-0.0759884972646255
2026-01-10 18:15:00+00:00,BCH,0.6463777911988585,0.7066437175587422
2026-01-10 18:15:00+00:00,BNB,0.7470798352210255,0.7427187683699537
2026-01-10 18:15:00+00:00,BTC,0.2851765407339026,0.3068361641970222
2026-01-10 18:15:00+00:00,DOGE,0.0764440127665761,0.1063180320719709
2026-01-10 18:15:00+00:00,ETH,0.2925729909496301,0.3228945528754601
2026-01-10 18:15:00+00:00,FIGR_HELOC,0.1254826208976434,0.1412110914956739
2026-01-10 18:15:00+00:00,HBAR,-0.2886426676009835,-0.3023426677546855
2026-01-10 18:15:00+00:00,HYPE,-1.0341734608101427,-0.9903101637075332
2026-01-10 18:15:00+00:00,LINK,0.1190306940065107,0.1225390856285979
2026-01-10 18:15:00+00:00,LTC,0.0521605841187293,0.0596245571930864
2026-01-10 18:15:00+00:00,SHIB,0.1934695551597253,0.1043577704491558
2026-01-10 18:15:00+00:00,SOL,0.1705278516449896,0.1586805023089303
2026-01-10 18:15:00+00:00,SUI,0.1926096653912938,0.131189194040266
2026-01-10 18:15:00+00:00,TRX,0.5931860175871971,0.6227502311928053
2026-01-10 18:15:00+00:00,XLM,-0.0366043329262205,-0.0668775949092165
2026-01-10 18:15:00+00:00,XMR,1.346283432103679,1.3596904059940669
2026-01-10 18:15:00+00:00,XRP,0.3685191662735761,0.3684961896593988
2026-01-10 18:15:00+00:00,ZEC,-3.7694776034804014,-3.775657627909534
2026-01-10 20:30:00+00:00,ADA,0.0903253274837684,0.1121146048554026
2026-01-10 20:30:00+00:00,AVAX,0.233167752418763,0.2595622228028167
2026-01-10 20:30:00+00:00,BCH,0.2876420340691213,0.2296277000322844
2026-01-10 20:30:00+00:00,BNB,0.2138707338678278,0.0913511025716386
2026-01-10 20:30:00+00:00,BTC,0.1585106359543545,0.1592871295348372
2026-01-10 20:30:00+00:00,DOGE,0.0483492789579634,0.0729008067816286
2026-01-10 20:30:00+00:00,ETH,0.0805307215660348,0.0809494285693297
2026-01-10 20:30:00+00:00,FIGR_HELOC,-2.036098706643341,-2.380211555275213
2026-01-10 20:30:00+00:00,HBAR,-0.0740720494313332,-0.0453159920008583
2026-01-10 20:30:00+00:00,HYPE,-0.4725555685931984,-0.3182453575739383
2026-01-10 20:30:00+00:00,LINK,0.2014175342948041,0.2099878751372723
2026-01-10 20:30:00+00:00,LTC,0.1270676614991539,0.1486442904419538
2026-01-10 20:30:00+00:00,SHIB,0.6221365057827922,0.5700498615910182
2026-01-10 20:30:00+00:00,SOL,0.1619629504118169,0.1438722496242882
2026-01-10 20:30:00+00:00,SUI,0.1935364773820991,0.1280019320724234
2026-01-10 20:30:00+00:00,TRX,0.3259569554559716,0.3496205167267972
2026-01-10 20:30:00+00:00,XLM,0.1826102071844248,0.1691154839361243
2026-01-10 20:30:00+00:00,XMR,1.366870391110702,1.3335981198954736
2026-01-10 20:30:00+00:00,XRP,0.0529943863916964,-0.0198650646178684
2026-01-10 20:30:00+00:00,ZEC,-1.822181120181722,-1.3530032461237114
2026-01-12 07:30:00+00:00,ADA,-0.6153361442592143,-0.6825822709959416
2026-01-12 07:30:00+00:00,AVAX,-0.3691890689453973,-0.383689410848856
2026-01-12 07:30:00+00:00,BCH,-0.9355639394642838,-1.008960143542497
2026-01-12 07:30:00+00:00,BNB,0.0281108687943881,0.0513499035677331
2026-01-12 07:30:00+00:00,BTC,0.1926233568792227,0.277019222437893
2026-01-12 07:30:00+00:00,CC,1.463551795594312,1.5272451872379618
2026-01-12 07:30:00+00:00,DOGE,-0.6791714399373311,-0.6742281229037216
2026-01-12 07:30:00+00:00,ETH,0.2063749330824074,0.2901964749228677
2026-01-12 07:30:00+00:00,FIGR_HELOC,0.219301949123953,0.2023783761027302
2026-01-12 07:30:00+00:00,HYPE,0.3238725663450478,0.4216730287060302
2026-01-12 07:30:00+00:00,LINK,0.063328785466429,0.1584848315582123
2026-01-12 07:30:00+00:00,LTC,-0.9560126933961722,-1.0610964738593165
2026-01-12 07:30:00+00:00,SHIB,-0.6001744990220902,-0.5984791041229371
2026-01-12 07:30:00+00:00,SOL,0.3624661004603754,0.3995446777489255
2026-01-12 07:30:00+00:00,SUI,-0.2460258365553212,-0.3506707908638146
2026-01-12 07:30:00+00:00,TRX,0.1053472009951425,0.2067713474634507
2026-01-12 07:30:00+00:00,XLM,-0.6661617742310625,-0.6702814916801351
2026-01-12 07:30:00+00:00,XMR,2.983255522126409,2.904066357651706
2026-01-12 07:30:00+00:00,XRP,-0.4603990819560963,-0.4899477646756481
2026-01-12 07:30:00+00:00,ZEC,-0.477420641634675,-0.5760158744386015
2026-01-12 07:45:00+00:00,ADA,-0.4703324907059484,-0.5414635609390505
2026-01-12 07:45:00+00:00,AVAX,-0.5283208044471338,-0.6093013787630062
2026-01-12 07:45:00+00:00,BCH,-1.2007951334965727,-1.2592588193218062
2026-01-12 07:45:00+00:00,BNB,0.1698856462885937,0.3393889293491051
2026-01-12 07:45:00+00:00,BTC,0.1843283954293444,0.2678667610848076
2026-01-12 07:45:00+00:00,CC,1.916926449986635,2.0733434072336654
2026-01-12 07:45:00+00:00,DOGE,-0.6599538287712604,-0.6743223135914799
2026-01-12 07:45:00+00:00,ETH,0.0651420147941793,0.1167008848577565
2026-01-12 07:45:00+00:00,FIGR_HELOC,0.3590742997826242,0.1929363854146962
2026-01-12 07:45:00+00:00,HYPE,0.3745285768189077,0.553439158392823
2026-01-12 07:45:00+00:00,LINK,0.0028889656032951,0.0502473586019894
2026-01-12 07:45:00+00:00,LTC,-0.9133995892323764,-0.959806163901422
2026-01-12 07:45:00+00:00,SHIB,-0.4681216771118117,-0.4641160468134343
2026-01-12 07:45:00+00:00,SOL,0.6039974579358254,0.6417648963097418
2026-01-12 07:45:00+00:00,SUI,-0.4688957084489479,-0.578807953806682
2026-01-12 07:45:00+00:00,TRX,0.3403725991768545,0.5145301545787148
2026-01-12 07:45:00+00:00,XLM,-0.7673127391702115,-0.8398248904768612
2026-01-12 07:45:00+00:00,XMR,1.961876843858927,1.648740579443836
2026-01-12 07:45:00+00:00,XRP,-0.3199530512392322,-0.2805151263991879
2026-01-12 07:45:00+00:00,ZEC,-0.2392532614466386,-0.2488592956491525
2026-01-12 21:30:00+00:00,ADA,-0.5570708259021661,-0.625703142940484
2026-01-12 21:30:00+00:00,AVAX,-0.5132449192438331,-0.5731950927288282
2026-01-12 21:30:00+00:00,BCH,-0.2508739087044959,-0.0789788336454383
2026-01-12 21:30:00+00:00,BNB,0.1846075343983207,0.2111899054829664
2026-01-12 21:30:00+00:00,BTC,0.2191879169370002,0.2436561943307197
2026-01-12 21:30:00+00:00,CC,-0.6486181994567546,-0.8870765421006721
2026-01-12 21:30:00+00:00,DOGE,-0.3581332061680841,-0.3769363993244697
2026-01-12 21:30:00+00:00,ETH,0.0502341113559759,0.0647548013497735
2026-01-12 21:30:00+00:00,FIGR_HELOC,0.3210181886996293,0.4137339277292096
2026-01-12 21:30:00+00:00,HBAR,-0.3043450354055603,-0.274445725967824
2026-01-12 21:30:00+00:00,HYPE,-0.3420686239542803,-0.2666655971461513
2026-01-12 21:30:00+00:00,LINK,-0.1783556455703386,-0.180379168835463
2026-01-12 21:30:00+00:00,LTC,0.0525182757677091,0.2580215298850146
2026-01-12 21:30:00+00:00,SOL,-0.0699919205904814,-0.1809234817859815
2026-01-12 21:30:00+00:00,SUI,-0.7696030894483444,-0.8670701273510117
2026-01-12 21:30:00+00:00,TRX,0.3733220277333636,0.4215523445261234
2026-01-12 21:30:00+00:00,XLM,-0.2838789380929811,-0.1506394304237755
2026-01-12 21:30:00+00:00,XMR,3.3054928829773065,3.190829816903092
2026-01-12 21:30:00+00:00,XRP,-0.4894225616271064,-0.5145231240068078
2026-01-12 21:30:00+00:00,ZEC,0.2011047813765723,0.1146769911314604
2026-01-12 23:30:00+00:00,ADA,-0.0158821840077378,0.0399193156250683
2026-01-12 23:30:00+00:00,AVAX,-0.3388836879661451,-0.3759837479236364
2026-01-12 23:30:00+00:00,BCH,-0.3540514978178453,-0.288401090208729
2026-01-12 23:30:00+00:00,BNB,0.0706395167472203,0.0418515736008735
2026-01-12 23:30:00+00:00,BTC,0.0244878719568631,-0.0088248776881222
2026-01-12 23:30:00+00:00,CC,-0.0595033518984435,0.0740329769873137
2026-01-12 23:30:00+00:00,DOGE,-0.2229162375520976,-0.2155396841608738
2026-01-12 23:30:00+00:00,ETH,-0.1821310680573502,-0.2083350681837066
2026-01-12 23:30:00+00:00,FIGR_HELOC,0.2087841317668466,0.2206153443520124
2026-01-12 23:30:00+00:00,HYPE,-0.8242942747296644,-0.8449267002246942
2026-01-12 23:30:00+00:00,LINK,-0.2099003554126066,-0.2122257849312488
2026-01-12 23:30:00+00:00,LTC,-0.8096560459435311,-0.7987250183361616
2026-01-12 23:30:00+00:00,SHIB,-0.3008786723539475,-0.2773089505330908
2026-01-12 23:30:00+00:00,SOL,-0.076519653903085,-0.1461828422174386
2026-01-12 23:30:00+00:00,SUI,-0.4120582123073661,-0.4546290306488889
2026-01-12 23:30:00+00:00,TRX,-0.0594916435144563,-0.104084407315768
2026-01-12 23:30:00+00:00,XLM,-0.3971031166480642,-0.3426647411700793
2026-01-12 23:30:00+00:00,XMR,3.820044379917589,3.833031103311344
2026-01-12 23:30:00+00:00,XRP,-0.2517109454493645,-0.2275162635420793
2026-01-12 23:30:00+00:00,ZEC,0.3330347725789563,0.2379076186136761
2026-01-13 09:45:00+00:00,ADA,-0.0940464446268869,-0.0497782543673713
2026-01-13 09:45:00+00:00,AVAX,0.0344376102960761,0.0451214587821349
2026-01-13 09:45:00+00:00,BCH,-0.5789047373296946,-0.5677896438650052
2026-01-13 09:45:00+00:00,BNB,-0.3163837470580528,-0.4094791025023374
2026-01-13 09:45:00+00:00,BTC,-0.0357823884190563,-0.0867073694994061
2026-01-13 09:45:00+00:00,CC,1.518141567543866,1.811485023636736
2026-01-13 09:45:00+00:00,DOGE,-0.1433342910669244,-0.1839565393183981
2026-01-13 09:45:00+00:00,ETH,-0.1138464006657295,-0.1302804361448334
2026-01-13 09:45:00+00:00,FIGR_HELOC,-0.1027878349301118,0.0506354584697853
2026-01-13 09:45:00+00:00,HYPE,-0.4711601275518724,-0.5237894473964572
2026-01-13 09:45:00+00:00,LINK,-0.314980411739521,-0.2952791035423102
2026-01-13 09:45:00+00:00,LTC,-1.0548884679605288,-1.0627501801364558
2026-01-13 09:45:00+00:00,SHIB,0.0928264332764252,0.101975315467937
2026-01-13 09:45:00+00:00,SOL,0.1163264126339844,0.1022844838380806
2026-01-13 09:45:00+00:00,SUI,-0.4788639619441049,-0.4844023417658903
2026-01-13 09:45:00+00:00,TRX,-0.3164159677969156,-0.403362686081731
2026-01-13 09:45:00+00:00,XLM,-0.1780550727634493,-0.1239938011678419
2026-01-13 09:45:00+00:00,XMR,1.98058684907222,1.4854873623188694
2026-01-13 09:45:00+00:00,XRP,-0.2633237333708014,-0.2560314959335312
2026-01-13 09:45:00+00:00,ZEC,0.662361961195535,0.9225185460024832
2026-01-13 15:15:00+00:00,ADA,0.0643309496797733,0.0044644537837946
2026-01-13 15:15:00+00:00,AVAX,0.2270876308033517,0.3123252870221489
2026-01-13 15:15:00+00:00,BCH,-0.5340178947140358,-0.4616015898583385
2026-01-13 15:15:00+00:00,BNB,-0.0317917182797211,0.0401832963054399
2026-01-13 15:15:00+00:00,BTC,0.0634976528672925,0.1203380558995091
2026-01-13 15:15:00+00:00,CC,0.8920478197901704,0.8319136784246886
2026-01-13 15:15:00+00:00,DOGE,-0.0272632825556796,-0.0598005111540411
2026-01-13 15:15:00+00:00,ETH,-0.1921227481617396,-0.1129156214964857
2026-01-13 15:15:00+00:00,FIGR_HELOC,0.0787211143421737,0.2296856909659401
2026-01-13 15:15:00+00:00,HYPE,-0.0836509157258858,-0.1078458604632097
2026-01-13 15:15:00+00:00,LINK,0.0103078829640931,0.0430712874674896
2026-01-13 15:15:00+00:00,LTC,-0.4440833371470807,-0.4381122784988012
2026-01-13 15:15:00+00:00,SHIB,0.0834744501612293,0.1022319596397132
2026-01-13 15:15:00+00:00,SOL,-0.1199680287198428,-0.2224154674021922
2026-01-13 15:15:00+00:00,SUI,-0.314973662193764,-0.2389928555795722
2026-01-13 15:15:00+00:00,TRX,0.3144534320754648,0.3724059900584464
2026-01-13 15:15:00+00:00,XLM,-0.0072723651729785,-0.0641535550636415
2026-01-13 15:15:00+00:00,XMR,2.731700989730326,2.625819106343336
2026-01-13 15:15:00+00:00,XRP,-0.3281869552469951,-0.3350429576047911
2026-01-13 15:15:00+00:00,ZEC,-2.4402325923760526,-2.699499686669333
2026-01-13 16:45:00+00:00,ADA,0.3993675654665763,0.6028111085523971
2026-01-13 16:45:00+00:00,AVAX,0.6062500537691846,0.6281557828394337
2026-01-13 16:45:00+00:00,BCH,-0.391666986051725,-0.3368428274208839
2026-01-13 16:45:00+00:00,BNB,0.0090815629973136,0.0178636723865725
2026-01-13 16:45:00+00:00,BTC,-0.1299780974795628,-0.063221628040688
2026-01-13 16:45:00+00:00,CC,-0.8758588094481727,-1.1719132673482138
2026-01-13 16:45:00+00:00,DOGE,0.2233061101075564,0.2859221426586377
2026-01-13 16:45:00+00:00,ETH,-0.0631521879242235,-0.0653914780868385
2026-01-13 16:45:00+00:00,FIGR_HELOC,-0.2684897404025616,-0.2811247762808129
2026-01-13 16:45:00+00:00,HYPE,0.4455722324716524,0.5198010590412727
2026-01-13 16:45:00+00:00,LINK,0.1746239311459634,0.1776759690537301
2026-01-13 16:45:00+00:00,LTC,0.0494726917906371,0.1425352175318201
2026-01-13 16:45:00+00:00,SHIB,0.2632818023802503,0.3025018634724121
2026-01-13 16:45:00+00:00,SOL,-0.1986328837895233,-0.1969434007100476
2026-01-13 16:45:00+00:00,SUI,-0.0414927120511089,-0.0012877526474018
2026-01-13 16:45:00+00:00,TRX,-0.2790807220490112,-0.1940235259572402
2026-01-13 16:45:00+00:00,XLM,0.3321350781909197,0.3879495674661308
2026-01-13 16:45:00+00:00,XMR,1.130609903972462,0.4593652542866004
2026-01-13 16:45:00+00:00,XRP,-0.1744494698990135,-0.0877312662913263
2026-01-13 16:45:00+00:00,ZEC,-1.2690578682594116,-1.184260259567354
2026-01-13 21:30:00+00:00,ADA,0.5911058308783143,0.6391003538600342
2026-01-13 21:30:00+00:00,AVAX,0.3745572576608192,0.3014082224599316
2026-01-13 21:30:00+00:00,BCH,-0.5067188071004743,-0.4612399510722093
2026-01-13 21:30:00+00:00,BNB,0.2065953944476675,0.1623313565262141
2026-01-13 21:30:00+00:00,BTC,-0.0201531668979744,-0.093610551252361
2026-01-13 21:30:00+00:00,CC,-1.7454959834421888,-1.875737808416796
2026-01-13 21:30:00+00:00,DOGE,0.532766269279806,0.5684674033070366
2026-01-13 21:30:00+00:00,ETH,0.3643443340327227,0.4212308217356596
2026-01-13 21:30:00+00:00,FIGR_HELOC,-0.409626463839475,-0.4035596165317094
2026-01-13 21:30:00+00:00,HYPE,-0.2354181735468087,-0.2045892362533097
2026-01-13 21:30:00+00:00,LINK,0.1401037416090948,0.1445174855582291
2026-01-13 21:30:00+00:00,LTC,-0.4695391925659495,-0.3878620381677361
2026-01-13 21:30:00+00:00,SHIB,0.2297662868628344,0.2261412687461242
2026-01-13 21:30:00+00:00,SOL,0.1812881213315412,0.2055258120200842
2026-01-13 21:30:00+00:00,SUI,0.035385078197086,0.0565303561390497
2026-01-13 21:30:00+00:00,TRX,-0.3867421601979163,-0.4431243535726236
2026-01-13 21:30:00+00:00,XLM,0.2139887174320729,0.2303937464105115
2026-01-13 21:30:00+00:00,XMR,2.9566351573080154,2.952726315162444
2026-01-13 21:30:00+00:00,XRP,-0.2928599008216948,-0.308334047403055
2026-01-13 21:30:00+00:00,ZEC,-1.818390278042676,-1.788723476670702
2026-01-13 23:15:00+00:00,ADA,0.5258992858377027,0.4837914350635831
2026-01-13 23:15:00+00:00,AVAX,0.3129810324639273,0.2434187357123355
2026-01-13 23:15:00+00:00,BCH,-1.030554438014863,-0.9766230686598644
2026-01-13 23:15:00+00:00,BNB,-0.4435835845032603,-0.4959595425959255
2026-01-13 23:15:00+00:00,BTC,-0.2850860368717685,-0.3828184847532517
2026-01-13 23:15:00+00:00,CC,1.3999178575005986,1.7641025817904428
2026-01-13 23:15:00+00:00,DOGE,0.4732267820732132,0.4412524681046205
2026-01-13 23:15:00+00:00,ETH,0.1201551163770166,0.071318379933287
2026-01-13 23:15:00+00:00,FIGR_HELOC,-1.155724754612447,-1.1293997052474345
2026-01-13 23:15:00+00:00,HYPE,0.3840660960801809,0.4659137512371164
2026-01-13 23:15:00+00:00,LINK,0.1767448130192104,0.1404632529817066
2026-01-13 23:15:00+00:00,LTC,-0.3969762300021939,-0.3185166330009856
2026-01-13 23:15:00+00:00,SHIB,0.0105549467827249,-0.0489076650240626
2026-01-13 23:15:00+00:00,SOL,-0.2806340730096173,-0.3453075569795646
2026-01-13 23:15:00+00:00,SUI,0.1339435724616758,0.0935169860310902
2026-01-13 23:15:00+00:00,TRX,-0.8179338321469268,-0.8447531058919378
2026-01-13 23:15:00+00:00,XLM,0.4657586437562465,0.4494684744678938
2026-01-13 23:15:00+00:00,XMR,0.8851073654576751,0.5546559055411723
2026-01-13 23:15:00+00:00,XRP,-0.0651177333595279,-0.0354187516890582
2026-01-13 23:15:00+00:00,ZEC,-0.4711665529057462,-0.1886191806373418
2026-01-14 20:45:00+00:00,ADA,-0.4224083950594682,-0.4570582812536419
2026-01-14 20:45:00+00:00,AVAX,-0.0502338855189555,-0.0065381691016479
2026-01-14 20:45:00+00:00,BCH,-0.5814916119106219,-0.5146587143937482
2026-01-14 20:45:00+00:00,BNB,-0.151837261706424,-0.0462744514063273
2026-01-14 20:45:00+00:00,BTC,0.3699478034942094,0.4004760148159507
2026-01-14 20:45:00+00:00,CC,-0.0870551018381841,0.0122102674275196
2026-01-14 20:45:00+00:00,DOGE,-0.2657795371233291,-0.3086359962616713
2026-01-14 20:45:00+00:00,ETH,0.5725936129251964,0.575537546439096
2026-01-14 20:45:00+00:00,FIGR_HELOC,-0.3688806428479793,-0.289961491230453
2026-01-14 20:45:00+00:00,HBAR,0.1545724517785202,0.1897749246497853
2026-01-14 20:45:00+00:00,HYPE,-0.1195912874979869,-0.191507241908903
2026-01-14 20:45:00+00:00,LINK,0.1066841691449249,0.0889005193700078
2026-01-14 20:45:00+00:00,LTC,-0.2930340400222101,-0.2464165811506506
2026-01-14 20:45:00+00:00,SOL,0.3330235022517298,0.4548794939484923
2026-01-14 20:45:00+00:00,SUI,-0.1811343032703086,-0.1138170812917157
2026-01-14 20:45:00+00:00,TRX,-0.2303647756478178,-0.0795007316832549
2026-01-14 20:45:00+00:00,XLM,-0.16680394938934,-0.1602490523150895
2026-01-14 20:45:00+00:00,XMR,0.2408036050611245,-0.4788240338947347
2026-01-14 20:45:00+00:00,XRP,-0.2668447060511658,-0.2237170654470288
2026-01-14 20:45:00+00:00,ZEC,1.3492249245885013,1.336770696048433
2026-01-14 23:45:00+00:00,ADA,-0.0616514876011048,0.1362634793489819
2026-01-14 23:45:00+00:00,AVAX,-0.3278949410550991,-0.6200359420981723
2026-01-14 23:45:00+00:00,BCH,-1.3095814864066178,-1.289460536274728
2026-01-14 23:45:00+00:00,BNB,0.3323522713881315,0.4676970575255443
2026-01-14 23:45:00+00:00,BTC,-0.1859601008723947,-0.2693300950533652
2026-01-14 23:45:00+00:00,DOGE,-0.0886578603184708,0.0356798142112738
2026-01-14 23:45:00+00:00,ETH,-0.1529587079058148,-0.1772030864620155
2026-01-14 23:45:00+00:00,FIGR_HELOC,-0.5331779020146779,-0.4629744282440916
2026-01-14 23:45:00+00:00,HBAR,0.2264557484453344,0.334127934153596
2026-01-14 23:45:00+00:00,HYPE,0.0781048485476943,0.1823466723011519
2026-01-14 23:45:00+00:00,LINK,-0.303318906416432,-0.3233371452184734
2026-01-14 23:45:00+00:00,LTC,-0.8845861559634196,-0.8573320556517746
2026-01-14 23:45:00+00:00,SHIB,-0.0516474891389175,0.1987119306503351
2026-01-14 23:45:00+00:00,SOL,0.3087363190274327,0.0224939143590941
2026-01-14 23:45:00+00:00,SUI,0.0848928553879471,-0.0875726113680023
2026-01-14 23:45:00+00:00,TRX,0.0090409198082947,-0.2108184224303544
2026-01-14 23:45:00+00:00,XLM,-0.2888575364899822,-0.2219341818730555
2026-01-14 23:45:00+00:00,XMR,1.1345542539747544,0.7883581051332945
2026-01-14 23:45:00+00:00,XRP,-0.4280584455652012,-0.3548948601871402
2026-01-14 23:45:00+00:00,ZEC,2.3835778723303664,2.650578526339724
2026-01-15 09:15:00+00:00,ADA,-0.7065526888688767,-0.6621359767955333
2026-01-15 09:15:00+00:00,AVAX,0.0554128055132185,0.1796415083744647
2026-01-15 09:15:00+00:00,BCH,0.6063318093017741,0.5940835266108313
2026-01-15 09:15:00+00:00,BNB,0.622481732355468,0.625067205071349
2026-01-15 09:15:00+00:00,BTC,0.7876153485440924,0.7578084388829672
2026-01-15 09:15:00+00:00,DOGE,-0.2639505534395871,-0.183575288661693
2026-01-15 09:15:00+00:00,ETH,0.639964622536235,0.675676533092495
2026-01-15 09:15:00+00:00,FIGR_HELOC,0.3551666075931572,0.6466967232717727
2026-01-15 09:15:00+00:00,HBAR,-0.2662613429824433,-0.2136330910654916
2026-01-15 09:15:00+00:00,HYPE,-0.0846534731647539,0.092710683550933
2026-01-15 09:15:00+00:00,LINK,0.0578244302667769,0.0436981354535136
2026-01-15 09:15:00+00:00,LTC,-0.8374062610117847,-0.7133861598442942
2026-01-15 09:15:00+00:00,SHIB,-0.2402968416646207,-0.1974160846792244
2026-01-15 09:15:00+00:00,SOL,0.4348976840918339,0.4446243917999392
2026-01-15 09:15:00+00:00,SUI,-0.2092905537289327,-0.2189589504865361
2026-01-15 09:15:00+00:00,TRX,-0.2856753977338322,-0.4283378998991041
2026-01-15 09:15:00+00:00,XLM,-0.808779236044059,-0.7412398185966028
2026-01-15 09:15:00+00:00,XMR,0.5489798416802028,0.1867084125125889
2026-01-15 09:15:00+00:00,XRP,-0.0761979296313231,-0.0160058317179528
2026-01-15 09:15:00+00:00,ZEC,-0.3884008093309586,-0.930816662592835
2026-01-16 10:45:00+00:00,ADA,-0.1597609412523045,-0.0323837250422196
2026-01-16 10:45:00+00:00,AVAX,-0.4207585226292618,-0.2655364763038733
2026-01-16 10:45:00+00:00,BCH,-0.0430216574955855,0.2270151318138656
2026-01-16 10:45:00+00:00,BNB,0.8398136180497768,0.8343415369007946
2026-01-16 10:45:00+00:00,BTC,0.4480217703895588,0.3500134991383482
2026-01-16 10:45:00+00:00,DOGE,-0.459220988160686,-0.4038873489066934
2026-01-16 10:45:00+00:00,ETH,0.2567304190533077,0.1950702802299454
2026-01-16 10:45:00+00:00,FIGR_HELOC,0.941842752007222,0.4003239427173252
2026-01-16 10:45:00+00:00,HBAR,-0.5122498027129577,-0.4750455083340701
2026-01-16 10:45:00+00:00,HYPE,-1.180112440393566,-1.5193230789545944
2026-01-16 10:45:00+00:00,LINK,-0.0723339497999427,-0.0955290677414091
2026-01-16 10:45:00+00:00,LTC,-0.9225176017593462,-0.7606932095577628
2026-01-16 10:45:00+00:00,SHIB,0.200370762770307,0.2488594261277243
2026-01-16 10:45:00+00:00,SOL,0.4183531034165238,0.5392293614589007
2026-01-16 10:45:00+00:00,SUI,-0.2918530737235145,-0.2558980324751916
2026-01-16 10:45:00+00:00,TRX,1.4229177993418651,1.5682414483285674
2026-01-16 10:45:00+00:00,XLM,-0.8477951752718357,-1.0205015836542792
2026-01-16 10:45:00+00:00,XMR,1.2046384070822036,1.0259623048654407
2026-01-16 10:45:00+00:00,XRP,0.1050506110866373,0.1202869237108311
2026-01-16 10:45:00+00:00,ZEC,-0.9870933486401172,-0.7395240829633675
2026-01-16 13:15:00+00:00,ADA,-0.3933532302828063,-0.3937816909359293
2026-01-16 13:15:00+00:00,AVAX,-0.1003513890920749,0.0033394922616494
2026-01-16 13:15:00+00:00,BCH,0.1565849358280403,0.2430268900892802
2026-01-16 13:15:00+00:00,BNB,0.4316890383760305,0.3682017563350618
2026-01-16 13:15:00+00:00,BTC,0.6595594100796662,0.7097224993693984
2026-01-16 13:15:00+00:00,DOGE,0.2265748834014406,0.4205036272783677
2026-01-16 13:15:00+00:00,ETH,0.6275468671086193,0.703865936973465
2026-01-16 13:15:00+00:00,FIGR_HELOC,0.6449428085480061,0.7228877439817842
2026-01-16 13:15:00+00:00,HBAR,-0.4429441392060665,-0.3744289735283432
2026-01-16 13:15:00+00:00,HYPE,-0.0582655178052952,-0.1218327996079225
2026-01-16 13:15:00+00:00,LINK,0.2695731245059667,0.330000299847506
2026-01-16 13:15:00+00:00,LTC,-0.7260980353365951,-0.6366637730343467
2026-01-16 13:15:00+00:00,SHIB,-0.1606241541672525,-0.250250471523691
2026-01-16 13:15:00+00:00,SOL,0.7715197477843613,0.7809516901409248
2026-01-16 13:15:00+00:00,SUI,0.0267675420775516,0.0569626688900961
2026-01-16 13:15:00+00:00,TRX,0.8176563187512118,0.6528875610299818
2026-01-16 13:15:00+00:00,XLM,-0.1595116955609619,-0.1791741735517245
2026-01-16 13:15:00+00:00,XMR,0.0010765586961295,-0.3151962652658313
2026-01-16 13:15:00+00:00,XRP,-0.0096441662980633,0.0068600110938921
2026-01-16 13:15:00+00:00,ZEC,-2.641656739040509,-2.786839861476216
2026-01-16 15:00:00+00:00,ADA,-0.3537599182373387,-0.2627846394817242
2026-01-16 15:00:00+00:00,AVAX,-0.1887293238539869,-0.0757553632370732
2026-01-16 15:00:00+00:00,BCH,0.3638374885767848,0.4508753808504619
2026-01-16 15:00:00+00:00,BNB,-0.0966381447164895,-0.2118596670967657
2026-01-16 15:00:00+00:00,BTC,0.1342731718399788,0.067266625661184
2026-01-16 15:00:00+00:00,DOGE,-0.3034931677906887,-0.1947478706693699
2026-01-16 15:00:00+00:00,ETH,-0.3052055901625444,-0.3463431620574327
2026-01-16 15:00:00+00:00,FIGR_HELOC,0.4805900939919201,0.5454460357623204
2026-01-16 15:00:00+00:00,HBAR,-0.4194216651425068,-0.3152960425901549
2026-01-16 15:00:00+00:00,HYPE,0.530633819754207,0.6041564736631542
2026-01-16 15:00:00+00:00,LINK,0.1208757576526219,0.2148869037127712
2026-01-16 15:00:00+00:00,LTC,0.3187753931407807,0.514354982486264
2026-01-16 15:00:00+00:00,SHIB,-0.2037874072146309,-0.1925527741214609
2026-01-16 15:00:00+00:00,SOL,0.6740139013803388,0.7047321417410711
2026-01-16 15:00:00+00:00,SUI,0.3716362504025564,0.5239758145920762
2026-01-16 15:00:00+00:00,TRX,0.477506016160946,0.263904941935866
2026-01-16 15:00:00+00:00,XLM,-0.5145860968124791,-0.7262760858971498
2026-01-16 15:00:00+00:00,XMR,1.3538540837142736,1.0437191833513833
2026-01-16 15:00:00+00:00,XRP,0.0527600168529546,0.0582770904310251
2026-01-16 15:00:00+00:00,ZEC,-2.55217279747431,-2.7250180869740617
2026-01-17 07:45:00+00:00,ADA,0.3255903719281874,0.3376010517536711
2026-01-17 07:45:00+00:00,AVAX,-0.109505464465832,-0.0190198168255582
2026-01-17 07:45:00+00:00,BCH,-0.3747566009940341,-0.3117514719676627
2026-01-17 07:45:00+00:00,BNB,0.0375906437671806,-0.0001181480800247
2026-01-17 07:45:00+00:00,BTC,-0.053858150104221,-0.0853519561990148
2026-01-17 07:45:00+00:00,DOGE,-0.2675865165069071,-0.1885971252126931
2026-01-17 07:45:00+00:00,ETH,0.2153515707174756,0.2240629210762249
2026-01-17 07:45:00+00:00,FIGR_HELOC,0.0943545831483377,0.0871611067688163
2026-01-17 07:45:00+00:00,HBAR,0.5873700379563437,0.6831958867417451
2026-01-17 07:45:00+00:00,HYPE,0.2372713735908816,0.2359016104739455
2026-01-17 07:45:00+00:00,LINK,0.065286378103432,0.0702281352028656
2026-01-17 07:45:00+00:00,LTC,0.4816133293360385,0.4763384263595698
2026-01-17 07:45:00+00:00,SHIB,0.2170780789810388,0.2618198556723373
2026-01-17 07:45:00+00:00,SOL,0.2099463672167801,0.1551138243820492
2026-01-17 07:45:00+00:00,SUI,-0.0140899060442725,-0.0523140228435904
2026-01-17 07:45:00+00:00,TRX,0.2170645486553123,0.1712393236634727
2026-01-17 07:45:00+00:00,XLM,-0.0898539582345359,-0.0303711294090031
2026-01-17 07:45:00+00:00,XMR,-2.320507719113951,-2.7199741710811254
2026-01-17 07:45:00+00:00,XRP,-0.156722850550346,-0.131237440468016
2026-01-17 07:45:00+00:00,ZEC,0.6398261475511071,0.7775354049300064
2026-01-17 17:30:00+00:00,ADA,0.6281985034914774,0.6457200888977784
2026-01-17 17:30:00+00:00,AVAX,0.1489418512930997,0.1675744079823345
2026-01-17 17:30:00+00:00,BCH,-0.9184434600823724,-0.8830336098335929
2026-01-17 17:30:00+00:00,BNB,0.176158733382838,0.1688899633883441
2026-01-17 17:30:00+00:00,BTC,-0.0277561805660211,0.0054676041580494
2026-01-17 17:30:00+00:00,DOGE,0.0894656989706948,0.1218302486668601
2026-01-17 17:30:00+00:00,ETH,0.2052694158386535,0.235213827332951
2026-01-17 17:30:00+00:00,FIGR_HELOC,-2.147111816275116,-2.4222592214079874
2026-01-17 17:30:00+00:00,HBAR,0.5395726892362351,0.5940101183931831
2026-01-17 17:30:00+00:00,HYPE,0.5912701965842877,0.6647196139446576
2026-01-17 17:30:00+00:00,LINK,0.189826204829892,0.1468556874940882
2026-01-17 17:30:00+00:00,LTC,0.2141343627383637,0.3044847632633674
2026-01-17 17:30:00+00:00,SHIB,0.1178840741228772,0.1136586760951363
2026-01-17 17:30:00+00:00,SOL,0.1408284963466903,0.1722196772323099
2026-01-17 17:30:00+00:00,SUI,-0.2468346454204662,-0.4005114312366347
2026-01-17 17:30:00+00:00,TRX,0.2864060120032711,0.2696883605145687
2026-01-17 17:30:00+00:00,XLM,0.788148571025226,0.7695396300325775
2026-01-17 17:30:00+00:00,XMR,-0.2465333174748066,-0.2164228137570245
2026-01-17 17:30:00+00:00,XRP,0.1186855184962988,0.2118938716681179
2026-01-17 17:30:00+00:00,ZEC,-0.7064058436620625,-0.7278343979500236
2026-01-18 05:15:00+00:00,ADA,0.0808975945668243,0.0740723551182059
2026-01-18 05:15:00+00:00,AVAX,-0.0661018596523847,-0.0956277995002256
2026-01-18 05:15:00+00:00,BCH,-0.3646393496729232,-0.3431719463858219
2026-01-18 05:15:00+00:00,BNB,0.2549075517139475,0.1929494059147307
2026-01-18 05:15:00+00:00,BTC,0.0286518178770974,-0.0629781540206683
2026-01-18 05:15:00+00:00,DOGE,-0.1104428466910622,-0.1213921305577777
2026-01-18 05:15:00+00:00,ETH,0.2342440999311158,0.1328559226894936
2026-01-18 05:15:00+00:00,FIGR_HELOC,-0.6266727143135881,-0.6136870498350215
2026-01-18 05:15:00+00:00,HBAR,-0.3702075829291838,-0.3850665363433062
2026-01-18 05:15:00+00:00,HYPE,1.012036515161008,0.9635052215453096
2026-01-18 05:15:00+00:00,LINK,0.0502094150408153,0.0095413538680606
2026-01-18 05:15:00+00:00,LTC,-0.520211036035542,-0.4942601676359702
2026-01-18 05:15:00+00:00,SHIB,-0.5046951965695295,-0.4677511618647718
2026-01-18 05:15:00+00:00,SOL,-0.0689202639570842,-0.1084940084369449
2026-01-18 05:15:00+00:00,SUI,-0.2402151866158546,-0.2257250466388976
2026-01-18 05:15:00+00:00,TRX,0.6541009789940517,0.5488425789064761
2026-01-18 05:15:00+00:00,XLM,0.0211708825309249,-0.0445640375043022
2026-01-18 05:15:00+00:00,XMR,0.7938654220301581,1.251605195207736
2026-01-18 05:15:00+00:00,XRP,-0.1970181959074284,-0.2147308448354686
2026-01-18 05:15:00+00:00,ZEC,-0.1191300265134523,-0.0540931307029264
2026-01-18 05:30:00+00:00,ADA,-0.1392831584008007,-0.1589979258119358
2026-01-18 05:30:00+00:00,AVAX,-0.0391337054626603,-0.0729859519489224
2026-01-18 05:30:00+00:00,BCH,-0.3360809425111874,-0.3024922721682311
2026-01-18 05:30:00+00:00,BNB,0.1395028320108554,0.0317760740150935
2026-01-18 05:30:00+00:00,BTC,0.053676647646706,-0.0136043768103806
2026-01-18 05:30:00+00:00,DOGE,-0.3279045499887166,-0.3577621889545069
2026-01-18 05:30:00+00:00,ETH,0.3086136498626836,0.2067234039435369
2026-01-18 05:30:00+00:00,FIGR_HELOC,-0.7361287707821323,-0.6457720059964409
2026-01-18 05:30:00+00:00,HBAR,-0.2465566457319856,-0.2368824146363084
2026-01-18 05:30:00+00:00,HYPE,1.0021923589895074,0.9287437646735698
2026-01-18 05:30:00+00:00,LINK,-0.0201327423186257,-0.0728632951821033
2026-01-18 05:30:00+00:00,LTC,0.049561457242181,0.1848324814902675
2026-01-18 05:30:00+00:00,SHIB,-0.477459698865079,-0.4567204983616768
2026-01-18 05:30:00+00:00,SOL,-0.1627009855411165,-0.2121285401255272
2026-01-18 05:30:00+00:00,SUI,-0.2945090504514685,-0.2928846547171984
2026-01-18 05:30:00+00:00,TRX,0.8396643573437301,0.7267757307354451
2026-01-18 05:30:00+00:00,XLM,0.0309215811347078,-0.0419469272248003
2026-01-18 05:30:00+00:00,XMR,0.9684837291558518,1.3903875127108944
2026-01-18 05:30:00+00:00,XRP,-0.4145118541531843,-0.4363249988584206
2026-01-18 05:30:00+00:00,ZEC,-0.2563133930366079,-0.2259718006296968
2026-01-18 10:30:00+00:00,ADA,0.0240219886952659,0.0778362804937435
2026-01-18 10:30:00+00:00,AVAX,-0.2147004484918104,-0.2249399049463516
2026-01-18 10:30:00+00:00,BCH,-0.4658363392625746,-0.4050601100580354
2026-01-18 10:30:00+00:00,BNB,0.3284362823646639,0.3221813537394476
2026-01-18 10:30:00+00:00,BTC,0.417130022951405,0.4177271412083129
2026-01-18 10:30:00+00:00,DOGE,-0.0189899504041547,0.000513698139092
2026-01-18 10:30:00+00:00,ETH,0.7288635088643372,0.6984415380903706
2026-01-18 10:30:00+00:00,FIGR_HELOC,-0.404187382082293,-0.3870214054181497
2026-01-18 10:30:00+00:00,HBAR,-0.6016117582147694,-0.6346776048131536
2026-01-18 10:30:00+00:00,HYPE,1.3423503770042695,1.275320742598506
2026-01-18 10:30:00+00:00,LINK,0.2986937918199007,0.288170932308685
2026-01-18 10:30:00+00:00,LTC,0.0114724774595548,0.0858123059630073
2026-01-18 10:30:00+00:00,SHIB,0.1767006488582968,0.3739721624505197
2026-01-18 10:30:00+00:00,SOL,-0.0489084466380209,0.0004218531202754
2026-01-18 10:30:00+00:00,SUI,-0.5243598221945016,-0.5059361283195454
2026-01-18 10:30:00+00:00,TRX,1.168288941885133,1.2096784261483042
2026-01-18 10:30:00+00:00,XLM,-0.0304661186684756,-0.0349657692343198
2026-01-18 10:30:00+00:00,XMR,-2.033163110433191,-2.426075596306583
2026-01-18 10:30:00+00:00,XRP,0.0091809795096703,0.0561828454264599
2026-01-18 10:30:00+00:00,ZEC,-0.2211710202089645,-0.2458381377768445
2026-01-18 13:00:00+00:00,ADA,0.0391604545325685,0.0776139299329913
2026-01-18 13:00:00+00:00,AVAX,-0.1238929503103673,-0.072351765677068
2026-01-18 13:00:00+00:00,BCH,-0.2828634409844583,-0.1407426939563844
2026-01-18 13:00:00+00:00,BNB,0.7560089271966861,0.7998054106324234
2026-01-18 13:00:00+00:00,BTC,0.4705215942539867,0.4624456937099171
2026-01-18 13:00:00+00:00,DOGE,0.1645457705490303,0.231555872122663
2026-01-18 13:00:00+00:00,ETH,0.7694051197324566,0.7459655252892317
2026-01-18 13:00:00+00:00,FIGR_HELOC,-0.3256050672658755,-0.2846335383310044
2026-01-18 13:00:00+00:00,HBAR,-0.0038749768283318,0.0904620570747536
2026-01-18 13:00:00+00:00,HYPE,0.6922282396278172,0.4906843569691541
2026-01-18 13:00:00+00:00,LINK,0.537255018003492,0.5481577687135868
2026-01-18 13:00:00+00:00,LTC,-0.0401735728580194,-0.0597644027148349
2026-01-18 13:00:00+00:00,SHIB,-0.1542716536189932,-0.0424625489748997
2026-01-18 13:00:00+00:00,SOL,0.2119846740499066,0.2407133256684802
2026-01-18 13:00:00+00:00,SUI,-0.2061659507913763,-0.1083750547800998
2026-01-18 13:00:00+00:00,TRX,0.5351459807949946,0.4492410388012447
2026-01-18 13:00:00+00:00,XLM,0.1626072988925806,0.2049294346314112
2026-01-18 13:00:00+00:00,XMR,-1.5192506776344503,-1.730769820686475
2026-01-18 13:00:00+00:00,XRP,0.1072381585801037,0.164712284698015
2026-01-18 13:00:00+00:00,ZEC,-1.8482829020372176,-2.1254668292385723
2026-01-18 20:30:00+00:00,ADA,0.0051411484983237,0.0441863883924583
2026-01-18 20:30:00+00:00,AVAX,0.0106213859369042,0.0460302124785802
2026-01-18 20:30:00+00:00,BCH,-0.2569910265180311,-0.2225828224301576
2026-01-18 20:30:00+00:00,BNB,0.5904519499319811,0.5153646098758076
2026-01-18 20:30:00+00:00,BTC,0.3820446414621775,0.275197047099452
2026-01-18 20:30:00+00:00,DOGE,-0.0378261361421117,-0.0439276157437672
2026-01-18 20:30:00+00:00,ETH,0.6730371895638417,0.4967341373541398
2026-01-18 20:30:00+00:00,FIGR_HELOC,-0.4112339936457179,-0.3324292363507304
2026-01-18 20:30:00+00:00,HBAR,-0.4683281377576934,-0.3938172087719651
2026-01-18 20:30:00+00:00,HYPE,-0.980622450130156,-1.1464219580655473
2026-01-18 20:30:00+00:00,LINK,0.4972764005718532,0.412157322587648
2026-01-18 20:30:00+00:00,LTC,0.0002314196014862,0.0036661543511867
2026-01-18 20:30:00+00:00,SHIB,-0.3844211203613399,-0.36153431377749
2026-01-18 20:30:00+00:00,SOL,-0.3452602775574379,-0.3905399990435157
2026-01-18 20:30:00+00:00,SUI,-0.0033376550670272,-0.0035380922011476
2026-01-18 20:30:00+00:00,TRX,0.7620959755043799,0.6620245876397008
2026-01-18 20:30:00+00:00,XLM,-1.0299702996956015,-0.950857807906084
2026-01-18 20:30:00+00:00,XMR,1.6735894281223902,1.9648467679810369
2026-01-18 20:30:00+00:00,XRP,-0.0511658129125819,-0.0525823715377355
2026-01-18 20:30:00+00:00,ZEC,-0.6834926596976616,-0.5801358322238918
2026-01-18 21:30:00+00:00,ADA,-0.4626120954280169,-0.4990300767694525
2026-01-18 21:30:00+00:00,AVAX,-0.0804217179262785,-0.0934315348619234
2026-01-18 21:30:00+00:00,BCH,-0.0928257211565074,0.0090514165408471
2026-01-18 21:30:00+00:00,BNB,0.2005974520579795,0.1239218502546569
2026-01-18 21:30:00+00:00,BTC,0.3686208911860872,0.2752817304799119
2026-01-18 21:30:00+00:00,DOGE,-0.2042298708068759,-0.222319208841663
2026-01-18 21:30:00+00:00,ETH,0.616750507477202,0.4733127602366169
2026-01-18 21:30:00+00:00,FIGR_HELOC,0.1926213597234674,0.164496403663516
2026-01-18 21:30:00+00:00,HBAR,-0.5600445147377725,-0.4834846455283607
2026-01-18 21:30:00+00:00,HYPE,-0.690019377190273,-0.6895117347131972
2026-01-18 21:30:00+00:00,LINK,0.4520910626289541,0.3813283758456482
2026-01-18 21:30:00+00:00,LTC,-0.2116737375775867,-0.2474140610272674
2026-01-18 21:30:00+00:00,SHIB,-0.4494741680575733,-0.451957411655947
2026-01-18 21:30:00+00:00,SOL,-0.0077824960022737,0.0189549162430175
2026-01-18 21:30:00+00:00,SUI,0.1632237498562579,0.1836919212419136
2026-01-18 21:30:00+00:00,TRX,0.6631993769703823,0.5562391360149005
2026-01-18 21:30:00+00:00,XLM,-0.7577395003785076,-0.6433954542016245
2026-01-18 21:30:00+00:00,XMR,2.1413681682240897,2.4246809800586715
2026-01-18 21:30:00+00:00,XRP,-0.1077756032068861,-0.0982998680910291
2026-01-18 21:30:00+00:00,ZEC,-1.2320964440977886,-1.2403381733311551
2026-01-19 06:15:00+00:00,ADA,-0.6325766565988515,-0.5944062367805379
2026-01-19 06:15:00+00:00,AVAX,-0.600849880996574,-0.5388643980838904
2026-01-19 06:15:00+00:00,BCH,0.1677983085960698,0.1573345855478947
2026-01-19 06:15:00+00:00,BNB,0.2750141571107841,0.1941258296820533
2026-01-19 06:15:00+00:00,BTC,0.1914460154752185,0.1451154828347552
2026-01-19 06:15:00+00:00,DOGE,-0.6667752767988022,-0.636521677868547
2026-01-19 06:15:00+00:00,ETH,0.0984027306966828,0.0449722041512459
2026-01-19 06:15:00+00:00,FIGR_HELOC,0.4829313526615367,-0.024909846852414
2026-01-19 06:15:00+00:00,HBAR,-0.0334341397272377,0.1079494839919
2026-01-19 06:15:00+00:00,HYPE,-0.5402866965071274,-0.5339019030083
2026-01-19 06:15:00+00:00,LINK,-0.325453771800876,-0.3091785357881154
2026-01-19 06:15:00+00:00,LTC,-0.2968408661253858,-0.1670915892013362
2026-01-19 06:15:00+00:00,SOL,-0.6258885579621754,-0.6191577735632783
2026-01-19 06:15:00+00:00,SUI,-1.3808536895420422,-1.2950684908869623
2026-01-19 06:15:00+00:00,TRX,0.643338467711643,0.5081342610760712
2026-01-19 06:15:00+00:00,USDT0,0.5076806877949172,0.4273510037537129
2026-01-19 06:15:00+00:00,XLM,-0.5328853101143833,-0.5695036253670304
2026-01-19 06:15:00+00:00,XMR,2.9902095191708145,3.1394602382502605
2026-01-19 06:15:00+00:00,XRP,-0.1040320245395269,-0.0925320204365575
2026-01-19 06:15:00+00:00,ZEC,0.3251090554889079,0.5987464325426672
2026-01-20 17:15:00+00:00,ADA,-0.3247741395515942,-0.2057056982117626
2026-01-20 17:15:00+00:00,AVAX,-0.3154500521514704,-0.2850732875435679
2026-01-20 17:15:00+00:00,BCH,0.295846853942343,0.2977192745852808
2026-01-20 17:15:00+00:00,BNB,0.0922636121882086,0.0032413044208
2026-01-20 17:15:00+00:00,BTC,0.3832211551779757,0.2930462529667464
2026-01-20 17:15:00+00:00,CC,0.1249486548198803,-0.276095317891288
2026-01-20 17:15:00+00:00,DOGE,-0.1554578342268043,-0.0836715350635405
2026-01-20 17:15:00+00:00,ETH,-0.0795927848283404,-0.0783040079153193
2026-01-20 17:15:00+00:00,FIGR_HELOC,1.907633917320856,1.8564383086413336
2026-01-20 17:15:00+00:00,HYPE,-1.1043706625040508,-1.3098579912931574
2026-01-20 17:15:00+00:00,LINK,0.011171020439334,0.023815367411591
2026-01-20 17:15:00+00:00,LTC,0.1311927157240895,0.1500465967491793
2026-01-20 17:15:00+00:00,SOL,-0.1312990859567167,-0.0515765029859577
2026-01-20 17:15:00+00:00,SUI,-0.495875406686973,-0.3722125925358414
2026-01-20 17:15:00+00:00,TRX,0.5848014788040684,0.5222372516970845
2026-01-20 17:15:00+00:00,USDT0,0.880194069959778,0.7691229763113662
2026-01-20 17:15:00+00:00,XLM,0.0712255746698969,0.0830716493140435
2026-01-20 17:15:00+00:00,XMR,-1.855771250194948,-1.5122373406361378
2026-01-20 17:15:00+00:00,XRP,-0.0904991436381337,0.0212179881106848
2026-01-20 17:15:00+00:00,ZEC,0.0120708443053765,0.0962568414812395
2026-01-20 21:00:00+00:00,ADA,-0.1535662726202883,0.1272000064559591
2026-01-20 21:00:00+00:00,AVAX,0.2639952927117853,0.4093245352846442
2026-01-20 21:00:00+00:00,BCH,-0.1808498813072936,-0.1968791638903637
2026-01-20 21:00:00+00:00,BNB,-0.055401098216857,-0.0425191503051787
2026-01-20 21:00:00+00:00,BTC,-0.1242061055416407,-0.1325827296639658
2026-01-20 21:00:00+00:00,CC,1.2574876971921716,1.249577102051094
2026-01-20 21:00:00+00:00,DOGE,-0.2843535714080488,-0.2483589708353109
2026-01-20 21:00:00+00:00,ETH,0.0686614212016569,0.0100267278310494
2026-01-20 21:00:00+00:00,FIGR_HELOC,0.4666148704487957,-0.1337479444375558
2026-01-20 21:00:00+00:00,HYPE,-0.8087721822462545,-0.8555034623028036
2026-01-20 21:00:00+00:00,LINK,0.1180505479081928,0.1063355366827504
2026-01-20 21:00:00+00:00,LTC,-0.7649473931797022,-0.9748714545584684
2026-01-20 21:00:00+00:00,SOL,0.091473028222805,0.0978578931394247
2026-01-20 21:00:00+00:00,SUI,-0.2971468906352363,-0.1754734082094454
2026-01-20 21:00:00+00:00,TRX,-0.1582505408837869,-0.2035402158562138
2026-01-20 21:00:00+00:00,USDT0,0.3176061018004492,0.0907642275903347
2026-01-20 21:00:00+00:00,XLM,0.1422177188168711,0.1976454166905759
2026-01-20 21:00:00+00:00,XMR,-0.6301809735310275,-0.1972971665473345
2026-01-20 21:00:00+00:00,XRP,-0.2203046768804614,-0.3308529361753464
2026-01-20 21:00:00+00:00,ZEC,0.8932693986953609,1.1442916476036495
2026-01-20 21:30:00+00:00,ADA,-0.1609762358149117,-0.118591569370934
2026-01-20 21:30:00+00:00,AVAX,-0.0719224869153877,0.0076074621299447
2026-01-20 21:30:00+00:00,BCH,0.3722197392814782,0.3736818874234005
2026-01-20 21:30:00+00:00,BNB,0.613141971527005,0.6299257795694544
2026-01-20 21:30:00+00:00,BTC,0.5366460197730843,0.5467134556329575
2026-01-20 21:30:00+00:00,CC,0.4057035158835181,0.1968044102007326
2026-01-20 21:30:00+00:00,DOGE,0.0324664752527372,0.0970485624928442
2026-01-20 21:30:00+00:00,ETH,0.1091393436036713,0.2753423629610785
2026-01-20 21:30:00+00:00,FIGR_HELOC,1.2663129112389613,1.1163104977718663
2026-01-20 21:30:00+00:00,HYPE,-1.821487351288596,-2.005337758212558
2026-01-20 21:30:00+00:00,LINK,-0.0744284245772675,-0.0649316181571569
2026-01-20 21:30:00+00:00,LTC,-0.4822671817646173,-0.5062162194590916
2026-01-20 21:30:00+00:00,SOL,-0.035481124550374,-0.0004404961983311
2026-01-20 21:30:00+00:00,SUI,-0.5818837920889584,-0.5595692870202886
2026-01-20 21:30:00+00:00,TRX,0.6554359562388679,0.6624232468433134
2026-01-20 21:30:00+00:00,USDT0,1.0948549402398469,1.0557314380567109
2026-01-20 21:30:00+00:00,XLM,-0.1766453308265443,-0.2237707239734918
2026-01-20 21:30:00+00:00,XMR,-1.8900632472502912,-1.760490205421498
2026-01-20 21:30:00+00:00,XRP,-0.4719184796354903,-0.5316203893655981
2026-01-20 21:30:00+00:00,ZEC,0.622517605312356,0.7507439877357336
2026-01-21 23:45:00+00:00,ADA,0.1725556785139931,0.2082674203577374
2026-01-21 23:45:00+00:00,AVAX,-0.1491893287097062,-0.0786714688797077
2026-01-21 23:45:00+00:00,BCH,0.5005733271054701,0.5685207422721927
2026-01-21 23:45:00+00:00,BNB,-0.0382961795021667,0.0078211760839185
2026-01-21 23:45:00+00:00,BTC,0.0239273060613413,0.0822506526571432
2026-01-21 23:45:00+00:00,CC,2.788302825384683,2.6263714284510167
2026-01-21 23:45:00+00:00,DOGE,0.0699982703946973,0.2043572957011211
2026-01-21 23:45:00+00:00,ETH,-0.4627097599680388,-0.524868119296748
2026-01-21 23:45:00+00:00,FIGR_HELOC,0.5804831182076703,0.690319794153804
2026-01-21 23:45:00+00:00,HYPE,-0.6071580973489372,-0.6817234930752194
2026-01-21 23:45:00+00:00,LINK,-0.4681882679653765,-0.5246817190227562
2026-01-21 23:45:00+00:00,LTC,-0.1115333343083568,-0.087479883343747
2026-01-21 23:45:00+00:00,SHIB,-0.0675751605235691,-0.148809638387188
2026-01-21 23:45:00+00:00,SOL,-0.256153609508101,-0.3026440112651269
2026-01-21 23:45:00+00:00,SUI,-0.3263823514470174,-0.3154215704932772
2026-01-21 23:45:00+00:00,TRX,0.4578911986663837,0.580883612705554
2026-01-21 23:45:00+00:00,XLM,-0.1227215675267395,-0.0858546708435755
2026-01-21 23:45:00+00:00,XMR,-0.3631898882420294,-0.2839099101143296
2026-01-21 23:45:00+00:00,XRP,-0.2989469831923713,-0.4317573305669368
2026-01-21 23:45:00+00:00,ZEC,-1.380172407817239,-1.5614555188192842
2026-01-22 19:00:00+00:00,ADA,0.1471178231120288,0.0520423066986659
2026-01-22 19:00:00+00:00,AVAX,-0.5849615120243781,-0.4925314589968887
2026-01-22 19:00:00+00:00,BCH,1.2654798977423698,1.1700864458110436
2026-01-22 19:00:00+00:00,BNB,0.2169069110324539,0.2661669695229309
2026-01-22 19:00:00+00:00,BTC,0.3060329739893276,0.3646206556833944
2026-01-22 19:00:00+00:00,CC,-0.2905978302585058,-0.4465826673935952
2026-01-22 19:00:00+00:00,DOGE,-0.2787698336947332,-0.2737131065640295
2026-01-22 19:00:00+00:00,ETH,-0.318553120062263,-0.2796830829430039
2026-01-22 19:00:00+00:00,FIGR_HELOC,0.2180018995675951,0.329752474003355
2026-01-22 19:00:00+00:00,HYPE,-1.1894570917073977,-1.5330932557686108
2026-01-22 19:00:00+00:00,LINK,-0.1540685420690584,-0.1060255352688752
2026-01-22 19:00:00+00:00,LTC,0.2003809421555786,0.2307045121720004
2026-01-22 19:00:00+00:00,SOL,-0.2857809709758651,-0.2551958817724752
2026-01-22 19:00:00+00:00,SUI,0.126545678065241,-0.0487606477987346
2026-01-22 19:00:00+00:00,TRX,0.8645569839481154,1.0109615237042917
2026-01-22 19:00:00+00:00,WLFI,0.70880057244975,0.5005622469590131
2026-01-22 19:00:00+00:00,XLM,0.2705848404708446,0.1924509647476977
2026-01-22 19:00:00+00:00,XMR,-1.3666776323766674,-0.9340644723719084
2026-01-22 19:00:00+00:00,XRP,0.1550789898922703,0.2257411927266289
2026-01-22 19:00:00+00:00,ZEC,-0.069327653157387,-0.0321458570515816
2026-01-22 21:45:00+00:00,ADA,-0.2935785988416168,-0.2700420997133361
2026-01-22 21:45:00+00:00,AVAX,-0.4282230743793395,-0.2682208556730327
2026-01-22 21:45:00+00:00,BCH,0.7031886409420247,0.4683768589039999
2026-01-22 21:45:00+00:00,BNB,0.6003930609689486,0.6164152778977169
2026-01-22 21:45:00+00:00,BTC,0.1638120958468856,0.1326896847659991
2026-01-22 21:45:00+00:00,CC,-0.9096644177631372,-1.419220800848964
2026-01-22 21:45:00+00:00,DOGE,-0.4905149874876988,-0.40228150383651
2026-01-22 21:45:00+00:00,ETH,-0.1318734762305389,0.0565645909524401
2026-01-22 21:45:00+00:00,FIGR_HELOC,0.6325676240144134,0.5330681825296577
2026-01-22 21:45:00+00:00,HYPE,-0.1653470915056342,-0.0917899461291606
2026-01-22 21:45:00+00:00,LINK,-0.3011360566900947,-0.2127484555547522
2026-01-22 21:45:00+00:00,LTC,-0.1043807108685502,-0.0882765166131159
2026-01-22 21:45:00+00:00,SOL,-0.2193422635432647,-0.1785681959980777
2026-01-22 21:45:00+00:00,SUI,-0.6318427776697828,-0.566722852355164
2026-01-22 21:45:00+00:00,TRX,1.4718731963540974,1.357821797535727
2026-01-22 21:45:00+00:00,WLFI,0.2082765654748682,0.0373222931134906
2026-01-22 21:45:00+00:00,XLM,-0.121721122344101,-0.1417475941036988
2026-01-22 21:45:00+00:00,XMR,-0.2259600808868694,0.0765588230805399
2026-01-22 21:45:00+00:00,XRP,-0.1680010856660799,-0.1285983383826599
2026-01-22 21:45:00+00:00,ZEC,0.3526853412407127,0.4306104313941432
2026-01-23 12:15:00+00:00,ADA,-0.3470225451002674,-0.3530751425523744
2026-01-23 12:15:00+00:00,AVAX,-0.3255772065967408,-0.3062700722073329
2026-01-23 12:15:00+00:00,BCH,0.340952315741118,0.2827779479856552
2026-01-23 12:15:00+00:00,BNB,-0.0503086817144939,-0.0860139689918221
2026-01-23 12:15:00+00:00,BTC,-0.092749382883086,-0.1063051338381161
2026-01-23 12:15:00+00:00,CC,2.88236376058187,3.116920607337091
2026-01-23 12:15:00+00:00,DOGE,-0.1233665045873579,-0.1190648396121092
2026-01-23 12:15:00+00:00,ETH,-0.4209684636091196,-0.3672900368128108
2026-01-23 12:15:00+00:00,FIGR_HELOC,0.7433356830491779,0.4263478379504855
2026-01-23 12:15:00+00:00,HBAR,0.13368530961568,0.0956207539678168
2026-01-23 12:15:00+00:00,HYPE,-0.9424215540375896,-0.8252612855800913
2026-01-23 12:15:00+00:00,LINK,-0.2234506472813821,-0.1976100363085423
2026-01-23 12:15:00+00:00,LTC,0.1527079184376365,0.1111738674878561
2026-01-23 12:15:00+00:00,SOL,-0.6866675504586711,-0.6377411173260489
2026-01-23 12:15:00+00:00,SUI,-0.83474254150112,-0.7657629951155146
2026-01-23 12:15:00+00:00,TRX,0.7458581696392136,0.5584188324893256
2026-01-23 12:15:00+00:00,XLM,-0.2840263935583044,-0.2708903867284066
2026-01-23 12:15:00+00:00,XMR,0.0445112070764351,0.1328879201048573
2026-01-23 12:15:00+00:00,XRP,-0.4460503983783316,-0.4169925796581273
2026-01-23 12:15:00+00:00,ZEC,-0.3248597855555605,-0.3306674637126865
2026-01-23 18:45:00+00:00,ADA,-0.0827457596802796,-0.1030516276724662
2026-01-23 18:45:00+00:00,AVAX,-0.2305705736375776,-0.2805660628552059
2026-01-23 18:45:00+00:00,BCH,-0.6846112811373053,-0.6527350590391258
2026-01-23 18:45:00+00:00,BNB,0.0686266639538475,0.0835751539226882
2026-01-23 18:45:00+00:00,BTC,-0.0119812420902779,-0.0596259230812062
2026-01-23 18:45:00+00:00,CC,2.577736232556843,2.7580114283205623
2026-01-23 18:45:00+00:00,DOGE,-0.342129133566339,-0.3015269991046419
2026-01-23 18:45:00+00:00,ETH,0.1528622324181738,0.1565600909511886
2026-01-23 18:45:00+00:00,FIGR_HELOC,-0.4728530306869423,-0.5811908349274483
2026-01-23 18:45:00+00:00,HBAR,0.1909614615326717,0.139124446303341
2026-01-23 18:45:00+00:00,HYPE,1.163313732160912,0.9769421104837032
2026-01-23 18:45:00+00:00,LINK,-0.3326697057750646,-0.2811183211202173
2026-01-23 18:45:00+00:00,LTC,-0.1969208393781677,-0.1902666330219927
2026-01-23 18:45:00+00:00,SOL,-0.1136743387798731,-0.0525559734481463
2026-01-23 18:45:00+00:00,SUI,-0.570771208981078,-0.5120025959067066
2026-01-23 18:45:00+00:00,TRX,-0.8418185315780704,-0.7886447164820657
2026-01-23 18:45:00+00:00,XLM,0.1806177849973085,0.1781485760013032
2026-01-23 18:45:00+00:00,XMR,-0.8074688345241411,-0.9034758646531744
2026-01-23 18:45:00+00:00,XRP,-0.2807076282425573,-0.2951757231740089
2026-01-23 18:45:00+00:00,ZEC,0.5760350595896652,0.6508055876553668
2026-01-24 06:45:00+00:00,ADA,-0.2631304082606303,-0.2443899954610416
2026-01-24 06:45:00+00:00,AVAX,-0.2761214223953545,-0.2000795901273525
2026-01-24 06:45:00+00:00,BCH,-0.2407980367195929,-0.3345258700977598
2026-01-24 06:45:00+00:00,BNB,0.0042211032416449,0.0366193965749691
2026-01-24 06:45:00+00:00,BTC,-0.1519544174942514,-0.1604483295790621
2026-01-24 06:45:00+00:00,CC,1.8143175385573205,1.5691208490743995
2026-01-24 06:45:00+00:00,DOGE,-0.1933689378472255,-0.1421158967402354
2026-01-24 06:45:00+00:00,ETH,0.1171284843679676,0.1860606010363628
2026-01-24 06:45:00+00:00,FIGR_HELOC,-0.2390809457285793,-0.2462224720070263
2026-01-24 06:45:00+00:00,HYPE,0.1489456801735917,-0.1387195311468867
2026-01-24 06:45:00+00:00,LINK,-0.2125516130511544,-0.1312028422476454
2026-01-24 06:45:00+00:00,LTC,0.3283507493418915,0.4389600120810645
2026-01-24 06:45:00+00:00,SOL,-0.3242871998475824,-0.3006355282035961
2026-01-24 06:45:00+00:00,SUI,-0.3307145248050312,-0.2009363036198133
2026-01-24 06:45:00+00:00,TRX,-0.7087232165394668,-0.6634448224879327
2026-01-24 06:45:00+00:00,WLFI,2.0826684129000395,2.285680130564564
2026-01-24 06:45:00+00:00,XLM,-0.147755980147218,-0.1444722815892389
2026-01-24 06:45:00+00:00,XMR,-1.4352452027571103,-1.472012691200737
2026-01-24 06:45:00+00:00,XRP,-0.1447443936282187,-0.1755677866688587
2026-01-24 06:45:00+00:00,ZEC,0.1140625420069512,-0.0204488367861811
2026-01-24 08:45:00+00:00,ADA,-0.3989289531908048,-0.399897709354072
2026-01-24 08:45:00+00:00,AVAX,-0.3643240148966485,-0.3367610055079435
2026-01-24 08:45:00+00:00,BCH,0.1233448807854281,0.1411630730399692
2026-01-24 08:45:00+00:00,BNB,-0.283438164372566,-0.2933593053525178
2026-01-24 08:45:00+00:00,BTC,-0.1904509947025628,-0.2252492988938159
2026-01-24 08:45:00+00:00,CC,0.2438981238860797,-0.2383430164349073
2026-01-24 08:45:00+00:00,DOGE,-0.1523839819189005,-0.0676242477428519
2026-01-24 08:45:00+00:00,ETH,-0.1197005354642122,-0.0974893056144325
2026-01-24 08:45:00+00:00,FIGR_HELOC,-0.5065409604540043,-0.5412097088298127
2026-01-24 08:45:00+00:00,HYPE,2.4091645204307,2.603484631738382
2026-01-24 08:45:00+00:00,LINK,-0.3086061484467409,-0.2944334041355456
2026-01-24 08:45:00+00:00,LTC,-0.1598606193061338,-0.1397533052438495
2026-01-24 08:45:00+00:00,SOL,-0.3953718423301079,-0.3665355331926168
2026-01-24 08:45:00+00:00,SUI,-0.4670108520962697,-0.3614139619900438
2026-01-24 08:45:00+00:00,TRX,-0.7290716640954017,-0.6715136400865596
2026-01-24 08:45:00+00:00,WLFI,1.3369910447127,1.3134380263951533
2026-01-24 08:45:00+00:00,XLM,-0.1632358274648885,-0.1879858010131367
2026-01-24 08:45:00+00:00,XMR,-0.1555175921625499,-0.0370482123910021
2026-01-24 08:45:00+00:00,XRP,-0.2412104137640003,-0.2619005736364615
2026-01-24 08:45:00+00:00,ZEC,0.4635167322847116,0.4036950356798905
2026-01-24 11:00:00+00:00,ADA,-0.2684575195004252,-0.2235819999873252
2026-01-24 11:00:00+00:00,AVAX,-0.3567411441639821,-0.3409134553905917
2026-01-24 11:00:00+00:00,BCH,0.3461260653039216,0.3882256731306346
2026-01-24 11:00:00+00:00,BNB,-0.1447634831663165,-0.167819281690351
2026-01-24 11:00:00+00:00,BTC,-0.1397293629209303,-0.1691968634724991
2026-01-24 11:00:00+00:00,CC,0.7328766924497482,0.2639907811386356
2026-01-24 11:00:00+00:00,DOGE,-0.0208242149012598,0.0974595032382812
2026-01-24 11:00:00+00:00,ETH,-0.1534031603221337,-0.1422974654053556
2026-01-24 11:00:00+00:00,FIGR_HELOC,-0.3549188436560136,-0.3730974631809529
2026-01-24 11:00:00+00:00,HYPE,1.2131619532956408,1.098211709113866
2026-01-24 11:00:00+00:00,LINK,-0.3870811837426594,-0.3330649511334519
2026-01-24 11:00:00+00:00,LTC,-0.3343484388866413,-0.3489833574676999
2026-01-24 11:00:00+00:00,SOL,-0.2242751574104198,-0.1549148670268106
2026-01-24 11:00:00+00:00,SUI,0.1683293014488282,0.4158050443331963
2026-01-24 11:00:00+00:00,TRX,-1.7250233795115155,-1.8866659312357503
2026-01-24 11:00:00+00:00,WLFI,0.6678840097010518,0.5039144821882707
2026-01-24 11:00:00+00:00,XLM,-0.2572331764408168,-0.2725512117249786
2026-01-24 11:00:00+00:00,XMR,0.7164838952490192,0.9868070349734108
2026-01-24 11:00:00+00:00,XRP,-0.0613014105309511,-0.0155129055767111
2026-01-24 11:00:00+00:00,ZEC,0.5245365867854354,0.6154835542557638
2026-01-24 11:30:00+00:00,ADA,-0.192231280881705,-0.1395423153006201
2026-01-24 11:30:00+00:00,AVAX,-0.0761170305162417,0.0458242783115626
2026-01-24 11:30:00+00:00,BCH,0.3941658815047367,0.4463734519522657
2026-01-24 11:30:00+00:00,BNB,0.1084227029011802,0.1325443979412594
2026-01-24 11:30:00+00:00,BTC,-0.0489220878135035,-0.0522190838874659
2026-01-24 11:30:00+00:00,CC,0.892940842711183,0.5564718983977291
2026-01-24 11:30:00+00:00,DOGE,-0.1065216431544817,-0.0301840123701585
2026-01-24 11:30:00+00:00,ETH,-0.0454645669663758,0.0020653217647095
2026-01-24 11:30:00+00:00,FIGR_HELOC,-0.3247973725933756,-0.3120483905636583
2026-01-24 11:30:00+00:00,HYPE,0.8381742204003433,0.6230256387429833
2026-01-24 11:30:00+00:00,LINK,-0.2855571449609924,-0.225985620863194
2026-01-24 11:30:00+00:00,LTC,-0.1125155347993944,-0.0645034929210915
2026-01-24 11:30:00+00:00,SOL,-0.2096024551472769,-0.1226606916262235
2026-01-24 11:30:00+00:00,SUI,-0.1885827354193656,-0.0169990676724356
2026-01-24 11:30:00+00:00,TRX,-1.223960185125645,-1.2926222343206195
2026-01-24 11:30:00+00:00,WLFI,1.7890031700592792,1.8372231178086904
2026-01-24 11:30:00+00:00,XLM,0.1961920005897269,0.3032618428820739
2026-01-24 11:30:00+00:00,XMR,-1.3209569624666937,-1.573392109746633
2026-01-24 11:30:00+00:00,XRP,-0.0073392359049346,0.0153128034145739
2026-01-24 11:30:00+00:00,ZEC,-0.1350309057551759,-0.1906460552824602
2026-01-24 11:45:00+00:00,ADA,-0.0668434044112027,0.0021485190263387
2026-01-24 11:45:00+00:00,AVAX,-0.1754605724886069,-0.0743200884138394
2026-01-24 11:45:00+00:00,BCH,0.3227684850583173,0.3367575037239822
2026-01-24 11:45:00+00:00,BNB,0.0821549173941755,0.1072239867378334
2026-01-24 11:45:00+00:00,BTC,-0.0116850236912428,0.0009498505847222
2026-01-24 11:45:00+00:00,CC,1.061710012176548,0.8658738298558407
2026-01-24 11:45:00+00:00,DOGE,-0.1223927794208991,-0.0458341861333788
2026-01-24 11:45:00+00:00,ETH,-0.0336001276258847,0.005123555582798
2026-01-24 11:45:00+00:00,FIGR_HELOC,-0.3780219713162783,-0.3438088720545653
2026-01-24 11:45:00+00:00,HYPE,0.6380873150304549,0.3414146361773503
2026-01-24 11:45:00+00:00,LINK,-0.2785270133790731,-0.2289765770983206
2026-01-24 11:45:00+00:00,LTC,-0.1334889807831835,-0.0917695971619907
2026-01-24 11:45:00+00:00,SOL,-0.2761294169090992,-0.2131593987759317
2026-01-24 11:45:00+00:00,SUI,-0.2322572087481327,-0.0843779320767271
2026-01-24 11:45:00+00:00,TRX,-1.1343564572777365,-1.1653403686703898
2026-01-24 11:45:00+00:00,WLFI,1.6877387615525048,1.6932113288677242
2026-01-24 11:45:00+00:00,XLM,0.3190543839346889,0.447133435414886
2026-01-24 11:45:00+00:00,XMR,-1.435299727525,-1.727639151604124
2026-01-24 11:45:00+00:00,XRP,-0.0273329027259829,-0.000143815901432
2026-01-24 11:45:00+00:00,ZEC,0.1351857081196404,0.1168373388832306
2026-01-24 14:00:00+00:00,ADA,-0.40352903950333,-0.4267799866456735
2026-01-24 14:00:00+00:00,AVAX,-0.7602752997017335,-0.7665490253336975
2026-01-24 14:00:00+00:00,BCH,0.0234470587252082,0.0272941746258587
2026-01-24 14:00:00+00:00,BNB,-0.0346618812574496,-0.0052873392018139
2026-01-24 14:00:00+00:00,BTC,-0.1082849757548087,-0.1077054101883661
2026-01-24 14:00:00+00:00,CC,2.1685472000911226,2.135094187119353
2026-01-24 14:00:00+00:00,DOGE,-0.4921393142997972,-0.5018690282147094
2026-01-24 14:00:00+00:00,ETH,-0.258915109084896,-0.2634258863981671
2026-01-24 14:00:00+00:00,FIGR_HELOC,-0.3155468772164162,-0.2608315920408823
2026-01-24 14:00:00+00:00,HYPE,2.025381741787082,2.1029268871844686
2026-01-24 14:00:00+00:00,LINK,-0.5723115088397586,-0.5588826401032393
2026-01-24 14:00:00+00:00,LTC,0.1034404794923255,0.1296783302514029
2026-01-24 14:00:00+00:00,SOL,-0.2710281023311597,-0.2207387274360823
2026-01-24 14:00:00+00:00,SUI,-0.6135672303440011,-0.564966500092098
2026-01-24 14:00:00+00:00,TRX,0.0970673246819313,0.3217204478617566
2026-01-24 14:00:00+00:00,WLFI,0.0057983198831643,-0.3685727084409666
2026-01-24 14:00:00+00:00,XLM,-0.110187043379053,-0.096050384912012
2026-01-24 14:00:00+00:00,XMR,-0.3706892687658796,-0.3863262887684232
2026-01-24 14:00:00+00:00,XRP,0.040975397195105,0.0656749263927345
2026-01-24 14:00:00+00:00,ZEC,-0.2122461081624985,-0.313127672444285
2026-01-24 16:30:00+00:00,ADA,-0.0974795964569884,0.0035247311996148
2026-01-24 16:30:00+00:00,AVAX,-0.2890014196506672,-0.1882638291731547
2026-01-24 16:30:00+00:00,BCH,0.2518749237986872,0.2060899946921042
2026-01-24 16:30:00+00:00,BNB,-0.0110413889203317,-0.0514003777011437
2026-01-24 16:30:00+00:00,BTC,0.2163449044941908,0.2724223019794013
2026-01-24 16:30:00+00:00,CC,1.3096814299419834,0.8786573675028718
2026-01-24 16:30:00+00:00,DOGE,-0.1571641834528348,-0.1631846427401375
2026-01-24 16:30:00+00:00,ETH,0.1742975867835145,0.2455432476193669
2026-01-24 16:30:00+00:00,FIGR_HELOC,-1.261061622906597,-1.395136509340274
2026-01-24 16:30:00+00:00,HYPE,0.4802690027452756,0.3437738485814757
2026-01-24 16:30:00+00:00,LINK,0.0131449698010303,0.1128608903492263
2026-01-24 16:30:00+00:00,LTC,-0.7461986577048842,-0.875959132828861
2026-01-24 16:30:00+00:00,SOL,-0.0287778971479521,0.0455635361644998
2026-01-24 16:30:00+00:00,SUI,-0.74332544281233,-0.6523737193232529
2026-01-24 16:30:00+00:00,TRX,0.2322412912092304,0.3709345387581392
2026-01-24 16:30:00+00:00,WLFI,1.2574434793183176,1.1678730937051895
2026-01-24 16:30:00+00:00,XLM,-0.0847517162578252,-0.0164295822553749
2026-01-24 16:30:00+00:00,XMR,0.1861384262804096,0.5624626558575923
2026-01-24 16:30:00+00:00,XRP,0.0593103230239906,0.1325930577151371
2026-01-24 16:30:00+00:00,ZEC,-0.8206854844123255,-1.0582925430885255
2026-01-24 19:45:00+00:00,ADA,-0.3221250596224934,-0.3128731268644135
2026-01-24 19:45:00+00:00,AVAX,-0.2891369740492174,-0.2018307884419924
2026-01-24 19:45:00+00:00,BCH,0.2181324741663119,0.1740391231365629
2026-01-24 19:45:00+00:00,BNB,-0.1073120477045415,-0.0872617267643464
2026-01-24 19:45:00+00:00,BTC,-0.0456311520931504,-0.0219959721441904
2026-01-24 19:45:00+00:00,CC,2.011484959809548,2.097497501117186
2026-01-24 19:45:00+00:00,DOGE,0.1065696734628568,0.2185313698906432
2026-01-24 19:45:00+00:00,ETH,-0.3205891859548358,-0.3765700035416331
2026-01-24 19:45:00+00:00,FIGR_HELOC,0.0136552851471931,0.0347900904016119
2026-01-24 19:45:00+00:00,HYPE,1.3924675259179329,1.2350555055061287
2026-01-24 19:45:00+00:00,LINK,-0.2303353641033363,-0.2046893227283078
2026-01-24 19:45:00+00:00,LTC,-0.2706349000642666,-0.287706238718415
2026-01-24 19:45:00+00:00,SOL,0.0587730474154832,0.1598047668560129
2026-01-24 19:45:00+00:00,SUI,-0.480263247076008,-0.4253755912420529
2026-01-24 19:45:00+00:00,TRX,0.3505528329636155,0.4607988440637974
2026-01-24 19:45:00+00:00,WLFI,1.1764695580453677,1.0290744727820778
2026-01-24 19:45:00+00:00,XLM,-0.5927638295568596,-0.6830179530772228
2026-01-24 19:45:00+00:00,XMR,-1.6279229911809856,-1.7780923157144293
2026-01-24 19:45:00+00:00,XRP,-0.1472081466746415,-0.1294164859767735
2026-01-24 19:45:00+00:00,ZEC,-0.9528782134896444,-0.959457903181916
2026-01-25 14:00:00+00:00,ADA,-0.1144002214739629,-0.1034850409892328
2026-01-25 14:00:00+00:00,AVAX,0.0245358188256457,0.0953845474432446
2026-01-25 14:00:00+00:00,BCH,0.0631655751603815,0.112125728048492
2026-01-25 14:00:00+00:00,BNB,0.067990334218636,0.1035448520170915
2026-01-25 14:00:00+00:00,BTC,0.4194483839125046,0.4651123295777437
2026-01-25 14:00:00+00:00,CC,0.934101485145146,0.4907138066391547
2026-01-25 14:00:00+00:00,DOGE,-0.1346308706028153,-0.1346273877126227
2026-01-25 14:00:00+00:00,ETH,0.1036610811435615,0.1167471907661453
2026-01-25 14:00:00+00:00,FIGR_HELOC,0.5909241784993231,0.6395158693778382
2026-01-25 14:00:00+00:00,HYPE,-0.5832317478880558,-0.5543289156451031
2026-01-25 14:00:00+00:00,LINK,-0.034513013586008,0.0046239381556428
2026-01-25 14:00:00+00:00,LTC,1.1467682131590076,1.2372903752796454
2026-01-25 14:00:00+00:00,SOL,0.0204185973979782,0.020937913099037
2026-01-25 14:00:00+00:00,SUI,-0.3784210575176452,-0.3654863443463519
2026-01-25 14:00:00+00:00,TRX,0.7609111530647225,0.8166631985805611
2026-01-25 14:00:00+00:00,USD1,0.5056943797961038,0.5311171170316572
2026-01-25 14:00:00+00:00,XLM,0.0487931045559775,0.0802526982398026
2026-01-25 14:00:00+00:00,XMR,-2.936284049405154,-3.035919337994815
2026-01-25 14:00:00+00:00,XRP,0.0621877351549649,0.0905119465524492
2026-01-25 14:00:00+00:00,ZEC,-0.6257453481870519,-0.6693207527471211
2026-01-25 14:45:00+00:00,ADA,-0.4368783364000118,-0.4699982484221106
2026-01-25 14:45:00+00:00,AVAX,-0.1757598948777161,-0.1455438373366525
2026-01-25 14:45:00+00:00,BCH,0.1234182814088232,0.1357825364525458
2026-01-25 14:45:00+00:00,BNB,0.2210657959868666,0.3090835946257816
2026-01-25 14:45:00+00:00,BTC,0.4414832502494495,0.5335713403743878
2026-01-25 14:45:00+00:00,CC,1.3020471973843488,0.9867339698799652
2026-01-25 14:45:00+00:00,DOGE,-0.1923263356408659,-0.1959458999438587
2026-01-25 14:45:00+00:00,ETH,0.2524442764604035,0.3561410005470283
2026-01-25 14:45:00+00:00,FIGR_HELOC,0.9254018944555672,0.7076905080048822
2026-01-25 14:45:00+00:00,HYPE,-0.2997016369617845,-0.1664877384495426
2026-01-25 14:45:00+00:00,LINK,-0.2337674594089081,-0.2253723629407877
2026-01-25 14:45:00+00:00,LTC,-0.2410629270343726,-0.3964691278534191
2026-01-25 14:45:00+00:00,SOL,0.0795289552597755,0.0998523641622321
2026-01-25 14:45:00+00:00,SUI,-0.2814297066849648,-0.2194278716164646
2026-01-25 14:45:00+00:00,TRX,0.7925184922081056,0.8381839861469591
2026-01-25 14:45:00+00:00,USD1,0.8348822330213334,0.9003332938102522
2026-01-25 14:45:00+00:00,XLM,-0.0700830499499074,-0.031426181164859
2026-01-25 14:45:00+00:00,XMR,-3.0501408980316147,-3.1926116198722765
2026-01-25 14:45:00+00:00,XRP,0.0291889577540324,0.054989656617583
2026-01-25 14:45:00+00:00,ZEC,-0.079396063023038,0.0623536631538792
2026-01-25 15:30:00+00:00,ADA,0.2095788076507793,0.3205860747683785
2026-01-25 15:30:00+00:00,AVAX,-0.2409152313364065,-0.214948243094579
2026-01-25 15:30:00+00:00,BCH,-1.041319786398644,-1.308303793453582
2026-01-25 15:30:00+00:00,BNB,-0.1432985089070544,-0.14150199053502
2026-01-25 15:30:00+00:00,BTC,-0.0594143986504881,-0.100699936043536
2026-01-25 15:30:00+00:00,CC,2.5072496299882947,2.3533933453278424
2026-01-25 15:30:00+00:00,DOGE,0.0487009180355496,0.2530480719217153
2026-01-25 15:30:00+00:00,ETH,-0.0908776072746764,-0.1727544056312705
2026-01-25 15:30:00+00:00,FIGR_HELOC,0.322865007908079,0.0784312617442081
2026-01-25 15:30:00+00:00,HYPE,0.3034538523950841,0.6085654968467649
2026-01-25 15:30:00+00:00,LINK,-0.2018317510470547,-0.1450351706492179
2026-01-25 15:30:00+00:00,LTC,0.556239646518423,0.5283122550578683
2026-01-25 15:30:00+00:00,SOL,-0.1092510613812177,-0.088880013522076
2026-01-25 15:30:00+00:00,SUI,0.1200717735333669,0.1319205371789223
2026-01-25 15:30:00+00:00,TRX,0.0110893879757985,-0.1664566621742904
2026-01-25 15:30:00+00:00,USD1,0.2100607672500424,0.1506330555286351
2026-01-25 15:30:00+00:00,XLM,-0.0654914118110535,-0.0540085154014338
2026-01-25 15:30:00+00:00,XMR,-2.2486394989387426,-2.1963482117762734
2026-01-25 15:30:00+00:00,XRP,-0.0829328211407917,0.007380889776164
2026-01-25 15:30:00+00:00,ZEC,-0.0639180223898053,0.0980856461102633
2026-01-25 17:00:00+00:00,ADA,-0.5602517314354969,-0.5064902602999433
2026-01-25 17:00:00+00:00,AVAX,-0.3638513635269241,-0.2890384372799185
2026-01-25 17:00:00+00:00,BCH,0.17175029059381,0.1420861877427446
2026-01-25 17:00:00+00:00,BNB,0.084703411850942,0.1531968276598038
2026-01-25 17:00:00+00:00,BTC,0.5733265177292509,0.65892651076792
2026-01-25 17:00:00+00:00,CC,2.3315789437217327,2.234403029134937
2026-01-25 17:00:00+00:00,DOGE,0.0443453247739909,0.1339869352171427
2026-01-25 17:00:00+00:00,ETH,-0.1231069086282102,-0.0452550006134023
2026-01-25 17:00:00+00:00,FIGR_HELOC,1.25216079293343,1.017404866519406
2026-01-25 17:00:00+00:00,HYPE,-0.7364088516721976,-0.7025181287821992
2026-01-25 17:00:00+00:00,LINK,-0.0679254486852817,-0.1148945703122817
2026-01-25 17:00:00+00:00,LTC,-0.2329037669307045,-0.472794253904304
2026-01-25 17:00:00+00:00,SOL,-0.3143710657531096,-0.3050898660740366
2026-01-25 17:00:00+00:00,SUI,-0.2297403473842603,-0.0884280181079861
2026-01-25 17:00:00+00:00,TRX,0.7837404354404784,0.8511559609217396
2026-01-25 17:00:00+00:00,USD1,0.911665903394698,0.9483935669966108
2026-01-25 17:00:00+00:00,XLM,0.0825534232820497,0.0947580623634342
2026-01-25 17:00:00+00:00,XMR,-1.7219032142789386,-1.5810465651487622
2026-01-25 17:00:00+00:00,XRP,-0.3785765850702737,-0.3318127531336857
2026-01-25 17:00:00+00:00,ZEC,-1.5649759258975156,-1.8551342592097488
2026-01-26 10:45:00+00:00,ADA,-0.0612500977925939,0.0008672181615429
2026-01-26 10:45:00+00:00,AVAX,-0.3572406317071138,-0.3992628957337626
2026-01-26 10:45:00+00:00,BCH,0.0055230902692241,-0.0923157606035072
2026-01-26 10:45:00+00:00,BNB,0.2307620843011631,0.1924031469522959
2026-01-26 10:45:00+00:00,BTC,0.3386155129973044,0.3433026124032572
2026-01-26 10:45:00+00:00,CC,-0.5275547542301883,-0.6867521341448496
2026-01-26 10:45:00+00:00,DOGE,0.1075102232606684,0.0477513193137036
2026-01-26 10:45:00+00:00,ETH,0.3884608028367766,0.4467354599538305
2026-01-26 10:45:00+00:00,FIGR_HELOC,0.1354677891956249,0.4183980324114265
2026-01-26 10:45:00+00:00,HYPE,1.0930730320366115,1.3118719000152177
2026-01-26 10:45:00+00:00,LINK,-0.270949169922175,-0.3427948042813246
2026-01-26 10:45:00+00:00,LTC,-0.0670062875562574,-0.1223494506594298
2026-01-26 10:45:00+00:00,SOL,-0.2549214312324528,-0.2002169568012859
2026-01-26 10:45:00+00:00,SUI,-0.5360011883961585,-0.6142581297148659
2026-01-26 10:45:00+00:00,TRX,-0.1833221264987382,-0.4329203434649957
2026-01-26 10:45:00+00:00,USD1,0.1070642011302604,-0.1491921533168214
2026-01-26 10:45:00+00:00,XLM,0.0694296137586769,0.0195114520045481
2026-01-26 10:45:00+00:00,XMR,-1.5509007582821053,-1.4611143833585587
2026-01-26 10:45:00+00:00,XRP,0.3861136643363889,0.4336577382877724
2026-01-26 10:45:00+00:00,ZEC,0.8888195209444137,1.2283712220251397
2026-01-26 21:45:00+00:00,ADA,0.0995986631716929,0.1365707842379885
2026-01-26 21:45:00+00:00,AVAX,-0.2041605245516677,-0.1531159474888162
2026-01-26 21:45:00+00:00,BCH,-0.5033374824910769,-0.5189509173558327
2026-01-26 21:45:00+00:00,BNB,-0.5291128486604627,-0.5211513351579229
2026-01-26 21:45:00+00:00,BTC,-0.5127127813952306,-0.4560457571843965
2026-01-26 21:45:00+00:00,CC,0.7412687168564529,0.4694225980733407
2026-01-26 21:45:00+00:00,DOGE,-0.21099177139252,-0.2285780347685394
2026-01-26 21:45:00+00:00,ETH,0.0649855708261213,0.1306894612503534
2026-01-26 21:45:00+00:00,FIGR_HELOC,-0.7454409673193115,-0.6772894116019516
2026-01-26 21:45:00+00:00,HYPE,2.537444578644674,2.748687013509391
2026-01-26 21:45:00+00:00,LINK,0.1217472956494065,0.1909410518458803
2026-01-26 21:45:00+00:00,LTC,-0.0072326508090805,-0.0369333367243664
2026-01-26 21:45:00+00:00,SOL,-0.0228329226807184,-0.028766742715994
2026-01-26 21:45:00+00:00,SUI,0.3234340519999459,0.3733849141057961
2026-01-26 21:45:00+00:00,TRX,-0.9833231577045428,-1.1148406764667325
2026-01-26 21:45:00+00:00,USD1,-0.9221552341292708,-1.025519748893173
2026-01-26 21:45:00+00:00,XLM,-0.2959931385495292,-0.252479052165442
2026-01-26 21:45:00+00:00,XMR,0.0701932714645236,0.1552869473843905
2026-01-26 21:45:00+00:00,XRP,-0.3515948922143532,-0.3766885070769555
2026-01-26 21:45:00+00:00,ZEC,1.2714901994684729,1.1266506733765085
2026-01-27 06:00:00+00:00,ADA,-0.4097547970745573,-0.4567055112891993
2026-01-27 06:00:00+00:00,AVAX,-0.4265145859045671,-0.4237580853266077
2026-01-27 06:00:00+00:00,BCH,0.2173205491243744,0.2036530244743784
2026-01-27 06:00:00+00:00,BNB,-0.352859073822339,-0.3623352665241439
2026-01-27 06:00:00+00:00,BTC,-0.3565771206725252,-0.4280031024874706
2026-01-27 06:00:00+00:00,CC,1.7118870463250164,1.788837975195568
2026-01-27 06:00:00+00:00,DOGE,-0.4508648063276465,-0.4770215081711413
2026-01-27 06:00:00+00:00,ETH,-0.2056176419346523,-0.2114171379352587
2026-01-27 06:00:00+00:00,FIGR_HELOC,-0.1097152481715197,-0.0625682949461686
2026-01-27 06:00:00+00:00,HYPE,2.107857971428733,1.8608415076375
2026-01-27 06:00:00+00:00,LINK,-0.3138120360409098,-0.3019600209284925
2026-01-27 06:00:00+00:00,LTC,0.1520644281524459,0.1252978168398776
2026-01-27 06:00:00+00:00,SOL,-0.2508742454664855,-0.2474251543129292
2026-01-27 06:00:00+00:00,SUI,-0.6740956215571053,-0.6904623080518932
2026-01-27 06:00:00+00:00,TRX,-0.3319554817164504,-0.2798258002978901
2026-01-27 06:00:00+00:00,USD1,-0.2664378094480667,-0.2593808739301199
2026-01-27 06:00:00+00:00,XLM,-0.7538309323666619,-0.8274593658916349
2026-01-27 06:00:00+00:00,XMR,0.3724700849308316,0.7123572865206209
2026-01-27 06:00:00+00:00,XRP,-0.735293932409782,-0.8487066737442429
2026-01-27 06:00:00+00:00,ZEC,1.0178660918477604,1.1273043320651424
2026-01-27 17:15:00+00:00,ADA,-0.4773104444557859,-0.4769020576859237
2026-01-27 17:15:00+00:00,AVAX,-0.6784443767924577,-0.7052097606857097
2026-01-27 17:15:00+00:00,BCH,0.4056673891580671,0.4466665641695337
2026-01-27 17:15:00+00:00,BNB,0.1466688934993378,0.2072869717332548
2026-01-27 17:15:00+00:00,BTC,-0.1386861188098134,-0.1116844725234025
2026-01-27 17:15:00+00:00,CC,1.2817736247086442,1.3413726402934527
2026-01-27 17:15:00+00:00,DOGE,-0.7093737590561939,-0.7835695730353975
2026-01-27 17:15:00+00:00,ETH,-0.2663591096924813,-0.2867741269587471
2026-01-27 17:15:00+00:00,FIGR_HELOC,0.6211667685380192,0.7343572435776844
2026-01-27 17:15:00+00:00,HYPE,2.467737235961236,2.229750061502156
2026-01-27 17:15:00+00:00,LINK,-0.4441666522013974,-0.4543283722255165
2026-01-27 17:15:00+00:00,LTC,0.1206763179203177,0.1594763618109934
2026-01-27 17:15:00+00:00,SOL,-0.4368082847785897,-0.448499533971383
2026-01-27 17:15:00+00:00,SUI,-0.7037539259426029,-0.6982846166609635
2026-01-27 17:15:00+00:00,TRX,0.1789402369354171,0.3293466976540609
2026-01-27 17:15:00+00:00,USD1,0.2526408945069668,0.4039719785269418
2026-01-27 17:15:00+00:00,XLM,-0.4609237330174985,-0.4229009249286626
2026-01-27 17:15:00+00:00,XMR,-1.4257737985751529,-1.5862275444934355
2026-01-27 17:15:00+00:00,XRP,-0.2882100935328676,-0.2417133339147354
2026-01-27 17:15:00+00:00,ZEC,0.4957434843764665,0.3050703465654322
2026-01-27 18:15:00+00:00,ADA,0.2114167687038846,0.4028624267790056
2026-01-27 18:15:00+00:00,AVAX,-0.149818088397338,0.0568897114621741
2026-01-27 18:15:00+00:00,BCH,0.4517971102332719,0.3335548277319682
2026-01-27 18:15:00+00:00,BNB,0.5694940864079554,0.5386538286944835
2026-01-27 18:15:00+00:00,BTC,0.0423295542311108,0.1739089012172654
2026-01-27 18:15:00+00:00,CC,0.4263002877729356,0.1411739311378387
2026-01-27 18:15:00+00:00,DOGE,0.0626236806266531,-3.240848527117854e-05
2026-01-27 18:15:00+00:00,ETH,-0.2055339796207043,-0.0122142208619023
2026-01-27 18:15:00+00:00,FIGR_HELOC,-0.028229324115169,0.0816783927422622
2026-01-27 18:15:00+00:00,HYPE,2.653583310608133,2.067172634145689
2026-01-27 18:15:00+00:00,LINK,-0.7257843784016538,-0.5886655953881826
2026-01-27 18:15:00+00:00,LTC,-0.7066914843130561,-0.9904676262266678
2026-01-27 18:15:00+00:00,SOL,0.3190693860334478,0.653691671011149
2026-01-27 18:15:00+00:00,SUI,-0.3214597979552591,-0.1808429112581525
2026-01-27 18:15:00+00:00,TRX,-0.3100406824463342,-0.2116124450935913
2026-01-27 18:15:00+00:00,USD1,0.0402426811812622,0.1697802198644744
2026-01-27 18:15:00+00:00,XLM,-1.0267637131467782,-1.065571856842802
2026-01-27 18:15:00+00:00,XMR,-0.8701584188798,-0.7446393877846244
2026-01-27 18:15:00+00:00,XRP,-0.3522678815873158,-0.2481128898287291
2026-01-27 18:15:00+00:00,ZEC,-0.1389857341580744,-0.6360838202392166
2026-01-27 21:45:00+00:00,ADA,-0.2602550550264756,-0.2815034280877393
2026-01-27 21:45:00+00:00,AVAX,-0.2342756782019424,-0.2143456871378315
2026-01-27 21:45:00+00:00,BCH,0.183540256882026,0.1890955325314833
2026-01-27 21:45:00+00:00,BNB,-0.2504451216551473,-0.2608507975919374
2026-01-27 21:45:00+00:00,BTC,-0.3495504797710439,-0.3852762153883318
2026-01-27 21:45:00+00:00,CC,1.4960709897562894,1.7198924710246737
2026-01-27 21:45:00+00:00,DOGE,-0.2657824192666495,-0.2839211374049236
2026-01-27 21:45:00+00:00,ETH,0.0006199529561692,-0.0478485184274125
2026-01-27 21:45:00+00:00,FIGR_HELOC,-0.2810719290513613,-0.2581405548305918
2026-01-27 21:45:00+00:00,HYPE,2.798548411448127,2.5757671543900216
2026-01-27 21:45:00+00:00,LINK,-0.7259542832092103,-0.7881516746340579
2026-01-27 21:45:00+00:00,LTC,-0.0418558677124647,-0.0181650555299253
2026-01-27 21:45:00+00:00,SOL,0.030223774019846,0.0359698867519564
2026-01-27 21:45:00+00:00,SUI,-1.3876667248140744,-1.5180227175770642
2026-01-27 21:45:00+00:00,TRX,-0.383273716789565,-0.2969511909318142
2026-01-27 21:45:00+00:00,USD1,-0.2674541485526936,-0.2122498736962838
2026-01-27 21:45:00+00:00,XLM,-0.4679672849040472,-0.4716054074234841
2026-01-27 21:45:00+00:00,XMR,0.0036441183442068,0.2009899130554256
2026-01-27 21:45:00+00:00,XRP,-0.424808279382906,-0.4363098872705909
2026-01-27 21:45:00+00:00,ZEC,0.7688434679803883,0.6927571712278993
2026-01-27 22:00:00+00:00,ADA,-0.233474505590543,-0.2758066808501535
2026-01-27 22:00:00+00:00,AVAX,-0.1039935157853368,-0.0978277705331942
2026-01-27 22:00:00+00:00,BCH,-0.0329110034896002,-0.0664257183076346
2026-01-27 22:00:00+00:00,BNB,-0.0368433712997802,0.0093287059728386
2026-01-27 22:00:00+00:00,BTC,-0.4046101778321823,-0.4849435321841674
2026-01-27 22:00:00+00:00,CC,1.0196248739798652,1.1031180194758952
2026-01-27 22:00:00+00:00,DOGE,-0.0166639638889367,0.0792089546507125
2026-01-27 22:00:00+00:00,ETH,-0.2031580015808882,-0.2659674532706839
2026-01-27 22:00:00+00:00,FIGR_HELOC,-0.2348906824130022,-0.1696469613699805
2026-01-27 22:00:00+00:00,HYPE,2.7229495579627088,2.4479288817713183
2026-01-27 22:00:00+00:00,LINK,-0.6232301631087704,-0.6667107192618437
2026-01-27 22:00:00+00:00,LTC,-0.0918272979935704,-0.0667239252482494
2026-01-27 22:00:00+00:00,SOL,-0.3601295952789181,-0.4156718860235253
2026-01-27 22:00:00+00:00,SUI,-1.2633808524683858,-1.3659731075607662
2026-01-27 22:00:00+00:00,TRX,-0.3547224694501928,-0.1975737831861632
2026-01-27 22:00:00+00:00,USD1,-0.2987195430151021,-0.261566745071359
2026-01-27 22:00:00+00:00,XLM,-0.3303756606455109,-0.3102785783895826
2026-01-27 22:00:00+00:00,XMR,0.7507422962442526,1.0920566422672435
2026-01-27 22:00:00+00:00,XRP,-0.6357089439143676,-0.7240603994998212
2026-01-27 22:00:00+00:00,ZEC,0.6724340705275906,0.5786471075784475
2026-01-27 22:30:00+00:00,ADA,0.016960926028839,0.0312717413269267
2026-01-27 22:30:00+00:00,AVAX,0.1562035006403091,0.2207664730985869
2026-01-27 22:30:00+00:00,BCH,0.1671500833950534,0.1558472047716533
2026-01-27 22:30:00+00:00,BNB,0.0888409417669509,0.1315910997273957
2026-01-27 22:30:00+00:00,BTC,-0.1667225001476463,-0.1472660255942756
2026-01-27 22:30:00+00:00,CC,-0.3008438492307367,-0.5186240123554318
2026-01-27 22:30:00+00:00,DOGE,0.3737476274738867,0.473799399752992
2026-01-27 22:30:00+00:00,ETH,-0.0056888716580355,0.0416152459360144
2026-01-27 22:30:00+00:00,FIGR_HELOC,-0.4454282689573209,-0.4730999558205295
2026-01-27 22:30:00+00:00,HYPE,3.214839374704072,3.11253362171832
2026-01-27 22:30:00+00:00,LINK,-0.4829424047203393,-0.4225227922839908
2026-01-27 22:30:00+00:00,LTC,-0.0495765671839656,0.0385604376885451
2026-01-27 22:30:00+00:00,SOL,-0.3309624149769322,-0.3174377349826347
2026-01-27 22:30:00+00:00,SUI,-0.7089463063430312,-0.698667816262344
2026-01-27 22:30:00+00:00,TRX,-0.5460760775197643,-0.5364895189298227
2026-01-27 22:30:00+00:00,USD1,-0.485069233191495,-0.4814849359692544
2026-01-27 22:30:00+00:00,XLM,-0.2211415494900948,-0.222511489887394
2026-01-27 22:30:00+00:00,XMR,-1.3182300336129795,-1.455108415191159
2026-01-27 22:30:00+00:00,XRP,-0.5167977071612985,-0.565772318131014
2026-01-27 22:30:00+00:00,ZEC,1.5018058513777186,1.5741223125806054
2026-01-28 04:00:00+00:00,ADA,-0.3837780398806698,-0.4148415532364217
2026-01-28 04:00:00+00:00,AVAX,-0.1913558428719568,-0.1932323343566551
2026-01-28 04:00:00+00:00,BCH,-0.0304709921934654,0.0150966150258309
2026-01-28 04:00:00+00:00,BNB,-0.1443958468663128,-0.153679707554065
2026-01-28 04:00:00+00:00,BTC,-0.2603630972837889,-0.259906821264378
2026-01-28 04:00:00+00:00,CC,1.1047932156349238,1.2724976248754531
2026-01-28 04:00:00+00:00,DOGE,-0.3587117847933553,-0.3850912469892381
2026-01-28 04:00:00+00:00,ETH,-0.0877964172617948,-0.1107758005236422
2026-01-28 04:00:00+00:00,FIGR_HELOC,-0.2286931525768439,-0.2121749376039877
2026-01-28 04:00:00+00:00,HYPE,3.754649965086376,3.663759131296516
2026-01-28 04:00:00+00:00,LINK,-0.4923323232519607,-0.5033899784055791
2026-01-28 04:00:00+00:00,LTC,-0.478039742554086,-0.5165824353647567
2026-01-28 04:00:00+00:00,SOL,-0.2001774785994521,-0.2008669510174764
2026-01-28 04:00:00+00:00,SUI,-0.574389204319029,-0.5632536389712662
2026-01-28 04:00:00+00:00,TRX,-0.4787081891585893,-0.4782223573733213
2026-01-28 04:00:00+00:00,USD1,-0.2312427349314775,-0.2027436621344057
2026-01-28 04:00:00+00:00,XLM,-0.4125073669585094,-0.4163160202807399
2026-01-28 04:00:00+00:00,XMR,-0.8245029055934179,-0.8956938452356428
2026-01-28 04:00:00+00:00,XRP,-0.3046916086348036,-0.2923668389954733
2026-01-28 04:00:00+00:00,ZEC,0.7638376799576977,0.7889088910587351
2026-01-28 07:15:00+00:00,ADA,-0.2312161832172576,-0.2313732038793871
2026-01-28 07:15:00+00:00,AVAX,-0.2729482677424124,-0.3135254576292826
2026-01-28 07:15:00+00:00,BCH,-0.414719767954427,-0.4288728260780203
2026-01-28 07:15:00+00:00,BNB,0.015079041706101,0.04509347230918
2026-01-28 07:15:00+00:00,BTC,-0.3262051644741891,-0.3625172119926685
2026-01-28 07:15:00+00:00,CC,1.2954691738023485,1.4204053574238156
2026-01-28 07:15:00+00:00,DOGE,0.0041038752983882,0.029354538075889
2026-01-28 07:15:00+00:00,ETH,-0.2528671553930629,-0.302092537218049
2026-01-28 07:15:00+00:00,FIGR_HELOC,-0.3914663533878756,-0.4405301911415132
2026-01-28 07:15:00+00:00,HYPE,3.753138778402598,3.669036367184715
2026-01-28 07:15:00+00:00,LINK,-0.4253493369782667,-0.3967410976676709
2026-01-28 07:15:00+00:00,LTC,-0.3360686566248041,-0.3377880423221138
2026-01-28 07:15:00+00:00,SOL,-0.1490943587972035,-0.1463440024844151
2026-01-28 07:15:00+00:00,SUI,-0.98638600106396,-1.0653254388904807
2026-01-28 07:15:00+00:00,TRX,-0.4865322460671645,-0.4653788272897706
2026-01-28 07:15:00+00:00,USD1,-0.4417284790785796,-0.4384862050548874
2026-01-28 07:15:00+00:00,XLM,-0.3677933742905525,-0.3624686588685313
2026-01-28 07:15:00+00:00,XMR,0.0382024734651201,0.1628282782884112
2026-01-28 07:15:00+00:00,XRP,-0.2546019934222562,-0.2367950303601028
2026-01-28 07:15:00+00:00,ZEC,0.1721143643155913,0.1426510860930173
2026-01-28 10:15:00+00:00,ADA,0.0630056807499784,0.1460902342593059
2026-01-28 10:15:00+00:00,AVAX,0.0440464722518844,0.0447088868854208
2026-01-28 10:15:00+00:00,BCH,-0.5633959236440516,-0.6488873727727154
2026-01-28 10:15:00+00:00,BNB,-0.3360931088688896,-0.4652738461514791
2026-01-28 10:15:00+00:00,BTC,-0.3026579139504776,-0.3062258862379221
2026-01-28 10:15:00+00:00,CC,1.101999107817214,1.1129873827645491
2026-01-28 10:15:00+00:00,DOGE,0.362622640281192,0.4267591425453465
2026-01-28 10:15:00+00:00,ETH,0.212961039272299,0.2330695240573311
2026-01-28 10:15:00+00:00,FIGR_HELOC,-0.784650682097905,-0.3909847184499898
2026-01-28 10:15:00+00:00,HYPE,3.728953929483854,3.706301287311534
2026-01-28 10:15:00+00:00,LINK,-0.483443543778349,-0.5307081073699357
2026-01-28 10:15:00+00:00,LTC,-0.3894967696900741,-0.4494274611923603
2026-01-28 10:15:00+00:00,SOL,-0.1994337031205341,-0.2514512636540251
2026-01-28 10:15:00+00:00,SUI,-0.3051406269221464,-0.2475475667081883
2026-01-28 10:15:00+00:00,TRX,-0.8361841739537239,-0.970105121599365
2026-01-28 10:15:00+00:00,USD1,-0.8532021213119985,-0.9445814139119846
2026-01-28 10:15:00+00:00,XLM,-0.1408680774906441,-0.1309079629399475
2026-01-28 10:15:00+00:00,XMR,-0.2799499011100873,-0.2351545858383183
2026-01-28 10:15:00+00:00,XRP,-0.0782377551794726,-0.0781409604507633
2026-01-28 10:15:00+00:00,ZEC,-0.019714782261024,-0.0794004040694488
2026-01-28 12:00:00+00:00,ADA,0.5432724474130577,0.685929550326831
2026-01-28 12:00:00+00:00,AVAX,0.1410015666077125,0.1350048866090533
2026-01-28 12:00:00+00:00,BCH,-0.3547011569348883,-0.3908925009415767
2026-01-28 12:00:00+00:00,BNB,-0.1763171079483144,-0.2336931857165521
2026-01-28 12:00:00+00:00,BTC,0.0350218109412225,0.1073590750118836
2026-01-28 12:00:00+00:00,CC,1.4852466633531585,1.3609408281661193
2026-01-28 12:00:00+00:00,DOGE,0.0200079659944899,0.0115544391488296
2026-01-28 12:00:00+00:00,ETH,-0.07420909428445,-0.0779465033132299
2026-01-28 12:00:00+00:00,FIGR_HELOC,-0.6053858775773968,0.0217132141002251
2026-01-28 12:00:00+00:00,HYPE,0.6886332535205524,-0.0821317863774992
2026-01-28 12:00:00+00:00,LINK,-0.2055365733163922,-0.1814118365641385
2026-01-28 12:00:00+00:00,LTC,-0.1333365762294785,-0.1146781133648484
2026-01-28 12:00:00+00:00,SOL,0.0123376903279206,0.0807251109399699
2026-01-28 12:00:00+00:00,SUI,0.0705158391449656,0.2108460414468027
2026-01-28 12:00:00+00:00,TRX,-0.5710401602925402,-0.597555650506239
2026-01-28 12:00:00+00:00,USD1,-0.6308760810975531,-0.6961716557518713
2026-01-28 12:00:00+00:00,XLM,-0.0185558248048469,-0.0052989382755738
2026-01-28 12:00:00+00:00,XMR,-0.3109875956645475,-0.2524943400016969
2026-01-28 12:00:00+00:00,XRP,0.0675133876227659,0.0851623138797454
2026-01-28 12:00:00+00:00,ZEC,-0.0414875915480624,-0.1258439635888591
2026-01-29 10:00:00+00:00,ADA,-0.296603411397563,-0.3580124540573092
2026-01-29 10:00:00+00:00,AVAX,-0.2863992118897566,-0.2870265691693603
2026-01-29 10:00:00+00:00,BCH,-0.3802736884889502,-0.4541272471175174
2026-01-29 10:00:00+00:00,BNB,0.5004797906578804,0.3555723245422277
2026-01-29 10:00:00+00:00,BTC,-0.0329463954482912,-0.042327568460569
2026-01-29 10:00:00+00:00,CC,1.850806788491,2.22144875940854
2026-01-29 10:00:00+00:00,DOGE,-0.497849710753367,-0.3758085377736185
2026-01-29 10:00:00+00:00,ETH,-0.2121496193256108,-0.2451422026049018
2026-01-29 10:00:00+00:00,FIGR_HELOC,0.4644807780071298,0.215583720414532
2026-01-29 10:00:00+00:00,HYPE,-0.6087139625312803,-0.7183282216986532
2026-01-29 10:00:00+00:00,LINK,-0.2341634477430556,-0.2050859341733455
2026-01-29 10:00:00+00:00,LTC,0.1613892317789434,0.1739489541320538
2026-01-29 10:00:00+00:00,SOL,-0.3370831462060472,-0.3513098940607492
2026-01-29 10:00:00+00:00,SUI,-0.9457102355974044,-0.8099709618838675
2026-01-29 10:00:00+00:00,TRX,0.989114729600807,1.029783564731547
2026-01-29 10:00:00+00:00,USD1,0.5600297455939156,0.5212771702420541
2026-01-29 10:00:00+00:00,XLM,-0.2613698308649794,-0.3113797211334106
2026-01-29 10:00:00+00:00,XMR,0.3807876086194661,0.2641605596065809
2026-01-29 10:00:00+00:00,XRP,-0.3455490356794839,-0.3926027908622984
2026-01-29 10:00:00+00:00,ZEC,-0.5271497409443772,-0.2895257142029608
2026-01-30 06:30:00+00:00,ADA,-0.4981200799863518,-0.4481052912315617
2026-01-30 06:30:00+00:00,AVAX,-0.4211672782835581,-0.5126247174186211
2026-01-30 06:30:00+00:00,BCH,0.1354499070723696,0.074224426742877
2026-01-30 06:30:00+00:00,BNB,-0.252398918000613,-0.3978286377684285
2026-01-30 06:30:00+00:00,BTC,-0.1516879263658007,-0.0934639321693943
2026-01-30 06:30:00+00:00,CC,2.667891593627471,2.6491296898379546
2026-01-30 06:30:00+00:00,DOGE,-0.3449800288616112,-0.2952438314680222
2026-01-30 06:30:00+00:00,ETH,-0.4537771222920039,-0.407845562905524
2026-01-30 06:30:00+00:00,FIGR_HELOC,1.304914403482225,1.351932549707897
2026-01-30 06:30:00+00:00,HYPE,-0.7756353275346176,-1.1255873505729788
2026-01-30 06:30:00+00:00,LINK,-0.4694960646401939,-0.4066992554153594
2026-01-30 06:30:00+00:00,LTC,-0.2732375078515378,-0.2288043880600842
2026-01-30 06:30:00+00:00,SOL,-0.3524793439419796,-0.2741579956629068
2026-01-30 06:30:00+00:00,SUI,-0.2974569300625778,-0.2173411504575448
2026-01-30 06:30:00+00:00,TRX,0.8725253894200296,0.9451724669962596
2026-01-30 06:30:00+00:00,USD1,1.1661351163544251,1.2245905086124635
2026-01-30 06:30:00+00:00,XLM,-0.2106676168425386,-0.1606140750950526
2026-01-30 06:30:00+00:00,XMR,-1.1876722905475408,-1.2070803039197755
2026-01-30 06:30:00+00:00,XRP,-0.1726553417889396,-0.0888918119709819
2026-01-30 06:30:00+00:00,ZEC,-0.3441876775118203,-0.4394643823363825
2026-01-30 16:00:00+00:00,ADA,-0.3838963939342038,-0.3794818824803039
2026-01-30 16:00:00+00:00,AVAX,-0.1423757037409981,-0.1364243094922889
2026-01-30 16:00:00+00:00,BCH,-0.2143231547641924,-0.2899111798148852
2026-01-30 16:00:00+00:00,BNB,-0.0686045096148393,-0.0749073359834389
2026-01-30 16:00:00+00:00,BTC,-0.5502254146932537,-0.7871946935493194
2026-01-30 16:00:00+00:00,CC,0.8097937631280765,0.885194515214157
2026-01-30 16:00:00+00:00,DOGE,0.3653280597006539,0.3123383548509416
2026-01-30 16:00:00+00:00,ETH,-0.7347186530703367,-0.8469884728041832
2026-01-30 16:00:00+00:00,FIGR_HELOC,0.4906834759188803,0.5843552145549674
2026-01-30 16:00:00+00:00,HYPE,-1.4771374333065097,-1.7109645813560408
2026-01-30 16:00:00+00:00,LINK,0.0958932408272802,0.0957268102331062
2026-01-30 16:00:00+00:00,LTC,0.2051259595408896,0.2841165951023169
2026-01-30 16:00:00+00:00,SOL,0.4576029401581518,0.6327820714167589
2026-01-30 16:00:00+00:00,SUI,-0.7408346936358712,-0.8882895993006427
2026-01-30 16:00:00+00:00,TRX,0.6627663592783338,0.880532555885209
2026-01-30 16:00:00+00:00,USD1,0.380782129805274,0.4154874431745379
2026-01-30 16:00:00+00:00,XLM,-0.0058197528679718,-0.0708688041418758
2026-01-30 16:00:00+00:00,XMR,1.032248140434764,0.8444904757988866
2026-01-30 16:00:00+00:00,XRP,-0.5343809336678718,-0.3518303592139911
2026-01-30 16:00:00+00:00,ZEC,0.2933531187836357,0.5430977261859784
2026-01-30 18:00:00+00:00,ADA,-0.1660922542665885,-0.3385956798699395
2026-01-30 18:00:00+00:00,AVAX,-0.0068031311326908,-0.2345442777210187
2026-01-30 18:00:00+00:00,BCH,0.0471488846230782,-0.2008569833287676
2026-01-30 18:00:00+00:00,BNB,0.0027434145540879,-0.2124520093722517
2026-01-30 18:00:00+00:00,BTC,-0.2140375136433438,0.0545911160550503
2026-01-30 18:00:00+00:00,CC,1.068814052822211,1.2455817020424054
2026-01-30 18:00:00+00:00,DOGE,0.5090906633612333,0.2947031261754324
2026-01-30 18:00:00+00:00,ETH,-0.2965077206458462,-0.508118671673417
2026-01-30 18:00:00+00:00,FIGR_HELOC,0.2961666917021504,0.5725682795318501
2026-01-30 18:00:00+00:00,HYPE,0.7676658858102838,1.2176832661734358
2026-01-30 18:00:00+00:00,LINK,-0.2020471328357602,-0.3628617663879473
2026-01-30 18:00:00+00:00,LTC,0.675777213801204,0.4842820578406601
2026-01-30 18:00:00+00:00,SOL,-0.4389700649163991,-0.1303671935950613
2026-01-30 18:00:00+00:00,SUI,-0.9259677100403784,-0.5568605986658838
2026-01-30 18:00:00+00:00,TRX,0.4213111526390921,0.7212094002128697
2026-01-30 18:00:00+00:00,USD1,0.2191351134712693,-0.0497456646968808
2026-01-30 18:00:00+00:00,XLM,-0.7075422888040992,-0.9233766308651734
2026-01-30 18:00:00+00:00,XMR,0.0921213956786076,0.4059983648288128
2026-01-30 18:00:00+00:00,XRP,-0.5280668566429463,-0.735337859240545
2026-01-30 18:00:00+00:00,ZEC,-0.6726510965814132,-0.8022112784898786
2026-01-30 23:45:00+00:00,ADA,-1.0658131701366766,-1.0433185134134308
2026-01-30 23:45:00+00:00,AVAX,0.0444360121573429,0.095448688139785
2026-01-30 23:45:00+00:00,BCH,0.3430072634626036,0.3473753466952375
2026-01-30 23:45:00+00:00,BNB,0.1942227532195866,0.2115661056020002
2026-01-30 23:45:00+00:00,BTC,0.4815840349910757,0.5161117668021677
2026-01-30 23:45:00+00:00,CC,-0.6199464618650691,-1.1106769224314532
2026-01-30 23:45:00+00:00,DOGE,0.0333770964107574,0.0268899889130541
2026-01-30 23:45:00+00:00,ETH,-0.5553029404501951,-0.4297565856680582
2026-01-30 23:45:00+00:00,FIGR_HELOC,0.7012257265442308,0.6452757328184583
2026-01-30 23:45:00+00:00,HYPE,0.1535146805383167,-0.2565277556200755
2026-01-30 23:45:00+00:00,LINK,-0.3729730583785195,-0.2607871082152418
2026-01-30 23:45:00+00:00,LTC,0.2406126181617223,0.2641722662590012
2026-01-30 23:45:00+00:00,SOL,0.549400168129863,0.5787334885914772
2026-01-30 23:45:00+00:00,SUI,-0.5071367529152714,-0.3546341855158038
2026-01-30 23:45:00+00:00,TRX,0.5778641882629239,0.5789053103829246
2026-01-30 23:45:00+00:00,USD1,0.5923228436788306,0.599513897285696
2026-01-30 23:45:00+00:00,XLM,-0.3794876364342735,-0.2651109706761237
2026-01-30 23:45:00+00:00,XMR,0.3653821351703001,0.3344276180031326
2026-01-30 23:45:00+00:00,XRP,-0.3440120911109759,-0.1727642104910594
2026-01-30 23:45:00+00:00,ZEC,-0.4910212096900117,-0.3635877577151291
2026-01-31 03:15:00+00:00,ADA,-0.6079629883446964,-0.5918704987942928
2026-01-31 03:15:00+00:00,AVAX,-0.4319742109571562,-0.4179459676876281
2026-01-31 03:15:00+00:00,BCH,-0.2563910571736815,-0.2863340527895429
2026-01-31 03:15:00+00:00,BNB,-0.0822543524649976,-0.0780000832209221
2026-01-31 03:15:00+00:00,BTC,0.1518296540114388,0.1021704185822475
2026-01-31 03:15:00+00:00,CC,2.3094222401091007,2.396157883937664
2026-01-31 03:15:00+00:00,DOGE,-0.2507093453858354,-0.2571377828909328
2026-01-31 03:15:00+00:00,ETH,-0.3271706740505012,-0.2343121078505676
2026-01-31 03:15:00+00:00,FIGR_HELOC,-0.6126749200460858,-0.6587233885910324
2026-01-31 03:15:00+00:00,HYPE,2.853638666987371,2.808562907049854
2026-01-31 03:15:00+00:00,LINK,-0.4481996442459198,-0.3754238818453252
2026-01-31 03:15:00+00:00,LTC,-0.1372981647352857,-0.1445514709102604
2026-01-31 03:15:00+00:00,SOL,0.3215103124992143,0.2997451496629237
2026-01-31 03:15:00+00:00,SUI,-1.3540062438655736,-1.3847181840999037
2026-01-31 03:15:00+00:00,TRX,-0.3964947088414082,-0.479181786852163
2026-01-31 03:15:00+00:00,USD1,-0.3513523563821838,-0.4276776176902418
2026-01-31 03:15:00+00:00,XLM,-0.3642720718720271,-0.2819682676141911
2026-01-31 03:15:00+00:00,XMR,0.3262365823537282,0.2391510780277264
2026-01-31 03:15:00+00:00,XRP,-0.1623576855934664,-0.0973798658040282
2026-01-31 03:15:00+00:00,ZEC,-0.2382344328452237,-0.1892778814625728
2026-01-31 10:15:00+00:00,ADA,-0.5679146671137271,-0.5181026128095606
2026-01-31 10:15:00+00:00,AVAX,-0.3110193263865853,-0.2639806545934258
2026-01-31 10:15:00+00:00,BCH,-0.6108671808675614,-0.65020272571938
2026-01-31 10:15:00+00:00,BNB,0.0839923746550807,0.08704076216357
2026-01-31 10:15:00+00:00,BTC,0.2769777798780531,0.2657565581948333
2026-01-31 10:15:00+00:00,CC,1.2877358953256484,0.9986322990973352
2026-01-31 10:15:00+00:00,DOGE,-0.0835520151758984,-0.0245046532182286
2026-01-31 10:15:00+00:00,ETH,-0.1001052891428742,0.0707647368689442
2026-01-31 10:15:00+00:00,FIGR_HELOC,0.1908523651898352,0.0367740294236663
2026-01-31 10:15:00+00:00,HYPE,-0.1710094315524085,-0.5944767745403005
2026-01-31 10:15:00+00:00,LINK,-0.4196004829992923,-0.3418367620995821
2026-01-31 10:15:00+00:00,LTC,-0.0727428892284225,-0.0089639378033066
2026-01-31 10:15:00+00:00,SOL,0.665805688188696,0.8344289841779369
2026-01-31 10:15:00+00:00,SUI,-0.8564799090186914,-0.7717920842339289
2026-01-31 10:15:00+00:00,TRX,0.3345600105017117,0.3453381733746922
2026-01-31 10:15:00+00:00,USD1,0.3902769223663535,0.4578767660995514
2026-01-31 10:15:00+00:00,XLM,-0.3030831096965901,-0.17316698343306
2026-01-31 10:15:00+00:00,XMR,1.7633911803925717,1.8051060097601923
2026-01-31 10:15:00+00:00,XRP,-0.1405520179005886,-0.0242688144725819
2026-01-31 10:15:00+00:00,ZEC,-1.4151759670357775,-1.5889323858578348
2026-01-31 15:15:00+00:00,ADA,-0.8351188260326615,-0.9354575917951706
2026-01-31 15:15:00+00:00,AVAX,-0.7517743656738751,-0.7195852808190863
2026-01-31 15:15:00+00:00,BCH,-0.1345952041659026,-0.0347966126364406
2026-01-31 15:15:00+00:00,BNB,-0.0548649740577526,-0.1361246286326456
2026-01-31 15:15:00+00:00,BTC,0.0311261889237624,0.059296239353784
2026-01-31 15:15:00+00:00,CC,2.911510004319777,2.8758598524200463
2026-01-31 15:15:00+00:00,DOGE,-0.6072686505751106,-0.6571873580399754
2026-01-31 15:15:00+00:00,ETH,-0.4468478351991517,-0.4686221128390112
2026-01-31 15:15:00+00:00,FIGR_HELOC,0.721485609017245,0.831396740849524
2026-01-31 15:15:00+00:00,HYPE,0.7143318911843232,0.4761208293224858
2026-01-31 15:15:00+00:00,LINK,-0.5617228059814161,-0.5151352414814222
2026-01-31 15:15:00+00:00,LTC,-0.6589567901596418,-0.6673200694763303
2026-01-31 15:15:00+00:00,SOL,-1.0907332359510478,-1.2096161927605165
2026-01-31 15:15:00+00:00,SUI,-0.6102662352226415,-0.5772483739194524
2026-01-31 15:15:00+00:00,TRX,0.5779851609263132,0.6418031342955827
2026-01-31 15:15:00+00:00,USD1,0.8832331815394451,0.895255071961903
2026-01-31 15:15:00+00:00,XLM,-0.1893548402170381,-0.0118615580052685
2026-01-31 15:15:00+00:00,XMR,0.2840928833366293,0.150886409222368
2026-01-31 15:15:00+00:00,XRP,-0.0507644027346698,-0.0327893701366541
2026-01-31 15:15:00+00:00,ZEC,-0.1898638400908042,-0.0232409736979381
2026-01-31 16:15:00+00:00,ADA,-0.6533787735933618,-0.554377611716214
2026-01-31 16:15:00+00:00,AVAX,-0.183868738091557,-0.0719675851178576
2026-01-31 16:15:00+00:00,BCH,-0.282413043466834,-0.2723610215095999
2026-01-31 16:15:00+00:00,BNB,-0.4934225785131009,-0.5662292201484554
2026-01-31 16:15:00+00:00,BTC,0.2315587239315683,0.2197265948259753
2026-01-31 16:15:00+00:00,CC,2.015249937299637,1.7774539094992308
2026-01-31 16:15:00+00:00,DOGE,-0.5175317626752961,-0.4983956026578203
2026-01-31 16:15:00+00:00,ETH,-0.6075270954230567,-0.5727961721296568
2026-01-31 16:15:00+00:00,FIGR_HELOC,0.7977953382715214,0.8214897372511845
2026-01-31 16:15:00+00:00,HYPE,-0.3334522461329314,-0.7448552124131101
2026-01-31 16:15:00+00:00,LINK,-0.4438360785409577,-0.4165827442275325
2026-01-31 16:15:00+00:00,LTC,-0.3484056120392736,-0.3169540520402564
2026-01-31 16:15:00+00:00,SOL,-0.6112020750920447,-0.6363351843721952
2026-01-31 16:15:00+00:00,SUI,-0.8403072987428787,-0.8141140729397917
2026-01-31 16:15:00+00:00,TRX,0.4999364479824715,0.5134150788899114
2026-01-31 16:15:00+00:00,USD1,0.7238523314292239,0.7468766389545257
2026-01-31 16:15:00+00:00,XLM,-0.4070585586099693,-0.3365539160835317
2026-01-31 16:15:00+00:00,XMR,1.967946579465516,2.13524826649418
2026-01-31 16:15:00+00:00,XRP,-0.630637661472558,-0.657338778747526
2026-01-31 16:15:00+00:00,ZEC,0.0583081254892282,0.1862569096638893
2026-01-31 21:15:00+00:00,ADA,-0.792399475030095,-0.8124392248604925
2026-01-31 21:15:00+00:00,BCH,-1.1508464578768156,-1.2788326104936552
2026-01-31 21:15:00+00:00,BNB,-0.5886592777367688,-0.546494699019479
2026-01-31 21:15:00+00:00,BTC,-0.2708544725871235,-0.2748942197222005
2026-01-31 21:15:00+00:00,CC,1.1347978291470684,1.1635084973500238
2026-01-31 21:15:00+00:00,DOGE,-0.8343359248434044,-0.9005635995259166
2026-01-31 21:15:00+00:00,ETH,-0.48251660149707,-0.2715984796900961
2026-01-31 21:15:00+00:00,FIGR_HELOC,0.2942718364020302,0.2508565114558012
2026-01-31 21:15:00+00:00,HYPE,2.1364150758674514,2.192098481925212
2026-01-31 21:15:00+00:00,LINK,-0.4794871393422915,-0.4993582045687466
2026-01-31 21:15:00+00:00,LTC,-0.2447150633099373,-0.2572661673823067
2026-01-31 21:15:00+00:00,SOL,-0.5517027306041389,-0.3938013162738803
2026-01-31 21:15:00+00:00,SUSDS,0.5897061188905932,0.5234086110767947
2026-01-31 21:15:00+00:00,TRX,0.15590677590214,0.1507458426766179
2026-01-31 21:15:00+00:00,USD1,0.6346814355880817,0.5103521922249242
2026-01-31 21:15:00+00:00,USDT0,0.5924175630786328,0.4469089300177004
2026-01-31 21:15:00+00:00,XLM,-0.5395799884825995,-0.617541600201989
2026-01-31 21:15:00+00:00,XMR,0.5434911406557886,0.286160175359095
2026-01-31 21:15:00+00:00,XRP,-0.0098473988889758,0.1316119913552748
2026-01-31 21:15:00+00:00,ZEC,-0.1949301689197149,0.1389519647101737
2026-02-01 11:30:00+00:00,ADA,-0.3573732846752573,-0.2373647267933549
2026-02-01 11:30:00+00:00,BCH,1.0525093478936494,1.3217699485453616
2026-02-01 11:30:00+00:00,BNB,-0.6296474498884892,-0.5214209315424829
2026-02-01 11:30:00+00:00,BTC,0.3349158941552821,0.215119518476917
2026-02-01 11:30:00+00:00,CC,-0.0198724915488197,-0.208297191170309
2026-02-01 11:30:00+00:00,DOGE,-0.4618120844785812,-0.3722753536757415
2026-02-01 11:30:00+00:00,ETH,-0.4667684733840593,-0.2126795333379447
2026-02-01 11:30:00+00:00,FIGR_HELOC,0.4897812080318478,0.5492277677815208
2026-02-01 11:30:00+00:00,HYPE,1.0104194593931752,0.4711477849137795
2026-02-01 11:30:00+00:00,LINK,-0.6545641036975821,-0.5357370344845419
2026-02-01 11:30:00+00:00,LTC,-0.2852793275380224,-0.381149052810551
2026-02-01 11:30:00+00:00,SOL,-1.2351980337322854,-1.1466644595361248
2026-02-01 11:30:00+00:00,SUI,-0.4254366816564587,-0.5456368687307381
2026-02-01 11:30:00+00:00,TRX,0.3933747874795663,0.2039537207193389
2026-02-01 11:30:00+00:00,USD1,0.7942483703441263,0.8876057612213262
2026-02-01 11:30:00+00:00,USDT0,0.7618497263578676,0.8426923472715842
2026-02-01 11:30:00+00:00,XLM,-0.4971445488663618,-0.8161175263058984
2026-02-01 11:30:00+00:00,XMR,0.5389425685458198,0.7916960432892128
2026-02-01 11:30:00+00:00,XRP,-0.1682872986424688,-0.128071046163122
2026-02-01 11:30:00+00:00,ZEC,-0.2328615133645611,-0.2360030969398468
2026-02-01 12:15:00+00:00,ADA,-0.1802423395482321,-0.1412546648727764
2026-02-01 12:15:00+00:00,BCH,0.4062715868956265,0.3534765840637227
2026-02-01 12:15:00+00:00,BNB,-0.5133380711471238,-0.4801572410680384
2026-02-01 12:15:00+00:00,BTC,-0.1727066041335386,-0.1862108394181818
2026-02-01 12:15:00+00:00,CC,0.5872351964556441,0.7078157775206771
2026-02-01 12:15:00+00:00,DOGE,0.1578836185836813,0.2651500860465782
2026-02-01 12:15:00+00:00,ETH,-0.5497895585885746,-0.4410061734348259
2026-02-01 12:15:00+00:00,FIGR_HELOC,0.3516929518846223,0.1370211532372889
2026-02-01 12:15:00+00:00,HYPE,2.036588608024536,1.9268891018711416
2026-02-01 12:15:00+00:00,LINK,-0.2695219893938808,-0.2009927064294815
2026-02-01 12:15:00+00:00,LTC,-0.0926764039693404,-0.0126132629807279
2026-02-01 12:15:00+00:00,SOL,-0.4581753763716768,-0.3179016957922687
2026-02-01 12:15:00+00:00,SUI,-0.8391446590281763,-0.8354083885250458
2026-02-01 12:15:00+00:00,TRX,0.2778364370916366,0.1947777080269614
2026-02-01 12:15:00+00:00,USD1,0.5976056515027537,0.4899491234216265
2026-02-01 12:15:00+00:00,USDT0,0.7080569474484418,0.6311726904767984
2026-02-01 12:15:00+00:00,XLM,-0.4314666282990956,-0.4956881961122965
2026-02-01 12:15:00+00:00,XMR,-2.197289593833858,-2.4047500597659544
2026-02-01 12:15:00+00:00,XRP,0.3220120930041637,0.3587592273577197
2026-02-01 12:15:00+00:00,ZEC,0.2008991362671425,0.3927027792218344
2026-02-02 14:30:00+00:00,ADA,0.1569999443420387,0.2039388726476676
2026-02-02 14:30:00+00:00,BCH,-0.4784900768638617,-0.5340210970246172
2026-02-02 14:30:00+00:00,BNB,0.017913301091662,0.0404060563318138
2026-02-02 14:30:00+00:00,BTC,-0.0791818957754078,-0.0979936900204857
2026-02-02 14:30:00+00:00,CC,0.700028586659852,0.6990303764852395
2026-02-02 14:30:00+00:00,DOGE,0.014011936220477,-0.0088043937034321
2026-02-02 14:30:00+00:00,ETH,-0.0872339894944199,-0.0001765083289012
2026-02-02 14:30:00+00:00,FIGR_HELOC,-0.3920031888418545,-0.3784845444536744
2026-02-02 14:30:00+00:00,HYPE,3.6937006738992153,3.7419087659163166
2026-02-02 14:30:00+00:00,LINK,-0.2677576351847789,-0.2367470591946419
2026-02-02 14:30:00+00:00,LTC,-0.1608046518204854,-0.2369887101860998
2026-02-02 14:30:00+00:00,SOL,-0.3725342401447334,-0.3792050350312826
2026-02-02 14:30:00+00:00,SUI,-0.248651625646259,-0.2036879735796732
2026-02-02 14:30:00+00:00,TRX,-0.5883179393058361,-0.5814726660894021
2026-02-02 14:30:00+00:00,USD1,-0.3606618910003978,-0.4284365526307882
2026-02-02 14:30:00+00:00,USDT0,-0.362938946442901,-0.4181060594522546
2026-02-02 14:30:00+00:00,XLM,-0.165365984853093,-0.3059156010282086
2026-02-02 14:30:00+00:00,XMR,-0.8546808183561366,-0.7032538595832549
2026-02-02 14:30:00+00:00,XRP,-0.4266443145081967,-0.4437658413242006
2026-02-02 14:30:00+00:00,ZEC,0.2040219226999498,0.2131846869247124
2026-02-04 16:00:00+00:00,ADA,-0.396525203345045,-0.3125395509254042
2026-02-04 16:00:00+00:00,AVAX,-0.1938395926975748,-0.1344457693881745
2026-02-04 16:00:00+00:00,BCH,0.6329753607486948,0.6714628949292419
2026-02-04 16:00:00+00:00,BNB,-0.289617223179092,-0.2343108013563996
2026-02-04 16:00:00+00:00,BTC,-0.5631194488479256,-0.4932373351053833
2026-02-04 16:00:00+00:00,CC,0.2441633933916912,0.1526891640420326
2026-02-04 16:00:00+00:00,DOGE,-0.6053692227115134,-0.5400282705787728
2026-02-04 16:00:00+00:00,ETH,-0.959206229308902,-0.8724895304019542
2026-02-04 16:00:00+00:00,FIGR_HELOC,0.9502636800599832,0.8791868152824968
2026-02-04 16:00:00+00:00,HYPE,2.2491947441822635,2.262946261584545
2026-02-04 16:00:00+00:00,LINK,-0.4345333202743821,-0.3460489588081765
2026-02-04 16:00:00+00:00,LTC,-0.1866811665452707,-0.1558778372788374
2026-02-04 16:00:00+00:00,SOL,-1.0820183025118502,-0.895034646814831
2026-02-04 16:00:00+00:00,SUSDS,0.8474424444582739,0.7895803116017276
2026-02-04 16:00:00+00:00,TRX,0.9029127612580424,0.8401000666440972
2026-02-04 16:00:00+00:00,USD1,0.9797676619908132,0.9156653784736908
2026-02-04 16:00:00+00:00,XLM,-0.2901689289217618,-0.2173486124915644
2026-02-04 16:00:00+00:00,XMR,-0.1050180222385696,-0.4683698308684464
2026-02-04 16:00:00+00:00,XRP,-0.3184396619877823,-0.2531113791436921
2026-02-04 16:00:00+00:00,ZEC,-1.4409605847863345,-1.647565230662437
2026-02-05 11:00:00+00:00,ADA,-0.8702899828551844,-0.907692121037002
2026-02-05 11:00:00+00:00,AVAX,-0.3004520873176707,-0.3440767508439998
2026-02-05 11:00:00+00:00,BCH,0.9833710775770528,1.0150525311805618
2026-02-05 11:00:00+00:00,BNB,-0.0483225769132312,0.1052278516313375
2026-02-05 11:00:00+00:00,BTC,0.3013767564526232,0.4984774969520407
2026-02-05 11:00:00+00:00,CC,0.1711963563074806,0.0601086537276242
2026-02-05 11:00:00+00:00,DOGE,-0.3094784096043306,-0.3426626718114365
2026-02-05 11:00:00+00:00,ETH,-0.2938189262300773,-0.162103757019842
2026-02-05 11:00:00+00:00,FIGR_HELOC,1.321125635576041,0.8572745508724221
2026-02-05 11:00:00+00:00,HYPE,1.5690777056439855,1.4253326971843785
2026-02-05 11:00:00+00:00,LINK,-0.2889831444861949,-0.3586330272810933
2026-02-05 11:00:00+00:00,LTC,-0.0339293291256361,-0.1281833815403825
2026-02-05 11:00:00+00:00,SOL,-0.4696417899774049,-0.5052759141079491
2026-02-05 11:00:00+00:00,SUI,-0.892268096718529,-0.953580677982653
2026-02-05 11:00:00+00:00,TRX,1.2398149706014026,1.4231763243193682
2026-02-05 11:00:00+00:00,USD1,1.690131351064786,1.867883372585597
2026-02-05 11:00:00+00:00,XLM,-0.6340855774036089,-0.5678055423779476
2026-02-05 11:00:00+00:00,XMR,-0.6589100839663434,-0.6027315411948337
2026-02-05 11:00:00+00:00,XRP,-1.5811513718239805,-1.6581646814701063
2026-02-05 11:00:00+00:00,ZEC,-0.953445638659993,-0.7803065736448944
2026-02-06 09:00:00+00:00,ADA,-0.1938130583379596,-0.2634382639941143
2026-02-06 09:00:00+00:00,AVAX,-0.4694184554700512,-0.1481137891586039
2026-02-06 09:00:00+00:00,BCH,0.0326213586941047,0.336532499493773
2026-02-06 09:00:00+00:00,BNB,-0.5261362685264516,-0.6384102007268979
2026-02-06 09:00:00+00:00,BTC,0.3981666168992219,0.3912046286896055
2026-02-06 09:00:00+00:00,CC,1.2808822302665492,1.2447001954352717
2026-02-06 09:00:00+00:00,DOGE,-0.1345290061405559,0.1603616635055311
2026-02-06 09:00:00+00:00,ETH,-0.7969652056356055,-0.9153333572130004
2026-02-06 09:00:00+00:00,FIGR_HELOC,1.4769079922995128,1.3713764059057707
2026-02-06 09:00:00+00:00,HBAR,1.1461786484882712,1.156904917981575
2026-02-06 09:00:00+00:00,HYPE,-0.0446071299197707,-0.4547502747413272
2026-02-06 09:00:00+00:00,LINK,-0.7062873651158013,-0.4723841020288773
2026-02-06 09:00:00+00:00,LTC,-0.5333747465895949,-0.2344071476002686
2026-02-06 09:00:00+00:00,SOL,-0.6800633738898728,-0.7163533614962826
2026-02-06 09:00:00+00:00,TRX,0.7457322404277914,0.5542898575106591
2026-02-06 09:00:00+00:00,USD1,1.2437337056147195,0.9559373158865756
2026-02-06 09:00:00+00:00,XLM,0.0553054373861257,-0.0951461339392678
2026-02-06 09:00:00+00:00,XMR,-1.6610422088908752,-1.96507849563718
2026-02-06 09:00:00+00:00,XRP,0.3269763280010901,0.362173143508455
2026-02-06 09:00:00+00:00,ZEC,-1.0189460014273843,-0.6887437632479309
2026-02-07 07:45:00+00:00,ADA,0.0305325700654298,0.1498522346986658
2026-02-07 07:45:00+00:00,AVAX,-0.0967785750333774,-0.3795515841239838
2026-02-07 07:45:00+00:00,BCH,1.412202248546826,1.5444562397038926
2026-02-07 07:45:00+00:00,BNB,-0.5982481315597179,-0.307237206173296
2026-02-07 07:45:00+00:00,BTC,0.0451945783257492,-0.0878800052858111
2026-02-07 07:45:00+00:00,CC,-0.8548280430213293,-0.9111299153108317
2026-02-07 07:45:00+00:00,DOGE,-0.3466319372041025,-0.2030791394863099
2026-02-07 07:45:00+00:00,ETH,-0.1522382832670923,0.0344104409841602
2026-02-07 07:45:00+00:00,FIGR_HELOC,0.1397791008568845,0.4794404382002957
2026-02-07 07:45:00+00:00,HBAR,0.5075738615022044,0.2440896888869742
2026-02-07 07:45:00+00:00,HYPE,0.5073273758599853,0.4404033847699216
2026-02-07 07:45:00+00:00,LINK,0.0863733175218379,-0.1649600841316294
2026-02-07 07:45:00+00:00,LTC,-0.0377521113898245,0.1825389312793991
2026-02-07 07:45:00+00:00,SOL,-0.1419687868887572,-0.3506632430150215
2026-02-07 07:45:00+00:00,TRX,-0.0120643303370403,-0.1397504837560234
2026-02-07 07:45:00+00:00,USD1,0.1500255788168933,0.4834006892061873
2026-02-07 07:45:00+00:00,XLM,-0.5342471026499106,-0.387284791494466
2026-02-07 07:45:00+00:00,XMR,-0.0296104838158938,-0.0496896815176075
2026-02-07 07:45:00+00:00,XRP,0.053930090379883,-0.2738357707253789
2026-02-07 07:45:00+00:00,ZEC,-0.1870844269732968,-0.3620436329737854
2026-02-07 09:15:00+00:00,ADA,-0.01626906276864356,-0.07001909605499194
2026-02-07 09:15:00+00:00,AVAX,0.2573785085040764,0.2533729973666098
2026-02-07 09:15:00+00:00,BCH,0.7288554317136549,0.5888172417289521
2026-02-07 09:15:00+00:00,BNB,-0.894913877496314,-0.9291386909403939
2026-02-07 09:15:00+00:00,BTC,-0.2760683929205875,-0.32477119084863226
2026-02-07 09:15:00+00:00,CC,0.5107786673662223,0.57684998952145
2026-02-07 09:15:00+00:00,DOGE,-0.40627673827741473,-0.4858916390671575
2026-02-07 09:15:00+00:00,ETH,-0.2863498406259017,-0.3219996818527461
2026-02-07 09:15:00+00:00,FIGR_HELOC,-0.7871145873202691,-0.4168881482709045
2026-02-07 09:15:00+00:00,HBAR,-0.35683068664547823,-0.5397428278429859
2026-02-07 09:15:00+00:00,HYPE,0.9132017385336493,1.0583292255795638
2026-02-07 09:15:00+00:00,LINK,0.00775045271472369,-0.04401118402922938
2026-02-07 09:15:00+00:00,LTC,-0.2300120710455867,-0.28658629544011144
2026-02-07 09:15:00+00:00,SOL,0.06273333992812541,0.13234608561879468
2026-02-07 09:15:00+00:00,TRX,-0.37346523558625944,-0.40775075175176473
2026-02-07 09:15:00+00:00,USD1,-0.7646853570315132,-0.8686762507123275
2026-02-07 09:15:00+00:00,XLM,-0.24372122802180934,-0.48934878645882396
2026-02-07 09:15:00+00:00,XMR,0.8481046128968085,1.091566013365057
2026-02-07 09:15:00+00:00,XRP,0.36522416806038394,0.34915393718570087
2026-02-07 09:15:00+00:00,ZEC,0.8831615357738787,1.0758704306556848
2026-02-07T09:24:01Z,ADA,0.020910657353481275,0.14225243488474446
2026-02-07T09:24:01Z,AVAX,-0.06862005116693196,-0.35235792439641483
2026-02-07T09:24:01Z,BCH,1.4403794633717941,1.5789561024191208
2026-02-07T09:24:01Z,BNB,-0.5896642820861077,-0.28251560280034804
2026-02-07T09:24:01Z,BTC,0.05482807813443605,-0.04985162791952899
2026-02-07T09:24:01Z,CC,-0.8167316934174141,-0.8396478192699678
2026-02-07T09:24:01Z,DOGE,-0.3489071802778871,-0.18593594819343495
2026-02-07T09:24:01Z,ETH,-0.14236547060565935,0.06012849145598221
2026-02-07T09:24:01Z,FIGR_HELOC,0.13943236444826468,0.48147016163800554
2026-02-07T09:24:01Z,HBAR,0.5734924282333482,0.32601636321899036
2026-02-07T09:24:01Z,HYPE,0.5238329325490814,0.45604269178183576
2026-02-07T09:24:01Z,LINK,0.1042863548685897,-0.13013300457212612
2026-02-07T09:24:01Z,LTC,-0.024166028245702194,0.19240063598506635
2026-02-07T09:24:01Z,SOL,-0.12413391959089311,-0.32121357561318775
2026-02-07T09:24:01Z,SUI,-0.3867494289625774,-0.6174693392950626
2026-02-07T09:24:01Z,TRX,0.001967484026566685,-0.11610831836844815
2026-02-07T09:24:01Z,USD1,0.1607365330901602,0.4981396225867095
2026-02-07T09:24:01Z,XLM,-0.510471442895426,-0.35027604166294196
2026-02-07T09:24:01Z,XMR,0.0052710558491898644,-0.004021065858945473
2026-02-07T09:24:01Z,XRP,0.07731314290630545,-0.23954319020453035
2026-02-07T09:24:01Z,ZEC,-0.1524802359222517,-0.3081329276352433
